-- MySQL dump 10.13  Distrib 8.0.31, for Linux (aarch64)
--
-- Host: localhost    Database: adherence_db
-- ------------------------------------------------------
-- Server version	8.0.31

/*!40101 SET @OLD_CHARACTER_SET_CLIENT=@@CHARACTER_SET_CLIENT */;
/*!40101 SET @OLD_CHARACTER_SET_RESULTS=@@CHARACTER_SET_RESULTS */;
/*!40101 SET @OLD_COLLATION_CONNECTION=@@COLLATION_CONNECTION */;
/*!50503 SET NAMES utf8mb4 */;
/*!40103 SET @OLD_TIME_ZONE=@@TIME_ZONE */;
/*!40103 SET TIME_ZONE='+00:00' */;
/*!40014 SET @OLD_UNIQUE_CHECKS=@@UNIQUE_CHECKS, UNIQUE_CHECKS=0 */;
/*!40014 SET @OLD_FOREIGN_KEY_CHECKS=@@FOREIGN_KEY_CHECKS, FOREIGN_KEY_CHECKS=0 */;
/*!40101 SET @OLD_SQL_MODE=@@SQL_MODE, SQL_MODE='NO_AUTO_VALUE_ON_ZERO' */;
/*!40111 SET @OLD_SQL_NOTES=@@SQL_NOTES, SQL_NOTES=0 */;

--
-- Table structure for table `cancer`
--

DROP TABLE IF EXISTS `cancer`;
/*!40101 SET @saved_cs_client     = @@character_set_client */;
/*!50503 SET character_set_client = utf8mb4 */;
CREATE TABLE `cancer` (
  `id` int NOT NULL AUTO_INCREMENT,
  `cancer_name` varchar(100) DEFAULT NULL,
  PRIMARY KEY (`id`)
) ENGINE=InnoDB AUTO_INCREMENT=16 DEFAULT CHARSET=utf8mb4 COLLATE=utf8mb4_0900_ai_ci;
/*!40101 SET character_set_client = @saved_cs_client */;

--
-- Dumping data for table `cancer`
--

LOCK TABLES `cancer` WRITE;
/*!40000 ALTER TABLE `cancer` DISABLE KEYS */;
INSERT INTO `cancer` VALUES (1,'Invasive Ductal Carcinoma'),(2,'Invasive carcinoma of breast'),(3,'Ductal Carcinoma in Situ'),(4,'Mucinous carcinoma'),(5,'Lobular Carcinoma in Situ'),(6,'Invasive Lobular Carcinoma'),(7,'cribriform'),(8,'papillary'),(9,'Invasive papillary carcinoma'),(10,'Invasive micropapillary carcinoma'),(11,'micropapillary'),(12,'solid'),(13,'Metaplastic carcinoma'),(14,'Neuroendocrine tumor'),(15,'comedo');
/*!40000 ALTER TABLE `cancer` ENABLE KEYS */;
UNLOCK TABLES;

--
-- Table structure for table `doctor`
--

DROP TABLE IF EXISTS `doctor`;
/*!40101 SET @saved_cs_client     = @@character_set_client */;
/*!50503 SET character_set_client = utf8mb4 */;
CREATE TABLE `doctor` (
  `id` int NOT NULL AUTO_INCREMENT,
  `first_name` blob,
  `last_name` blob,
  `email` blob NOT NULL,
  `password` varbinary(1094) DEFAULT NULL,
  PRIMARY KEY (`id`)
) ENGINE=InnoDB AUTO_INCREMENT=2 DEFAULT CHARSET=utf8mb4 COLLATE=utf8mb4_0900_ai_ci;
/*!40101 SET character_set_client = @saved_cs_client */;

--
-- Dumping data for table `doctor`
--

LOCK TABLES `doctor` WRITE;
/*!40000 ALTER TABLE `doctor` DISABLE KEYS */;
INSERT INTO `doctor` VALUES (1,_binary '05FgiuQSMr7mVFIXMKwabQ==',_binary 'nZtiAQw9naHoNOG5D76Ucg==',_binary 'm9Geh04yDg7W9RXckBjScRFq/VkFICo8ulD7IFJRtCQ=',_binary '$pbkdf2-sha256$29000$KYUw5lyLsdZ6by1lLIWwtg$rufGuxE9ja6Sex0M4j8.XLwPJWs1AhWriKI5GdGSJoM');
/*!40000 ALTER TABLE `doctor` ENABLE KEYS */;
UNLOCK TABLES;

--
-- Table structure for table `drug`
--

DROP TABLE IF EXISTS `drug`;
/*!40101 SET @saved_cs_client     = @@character_set_client */;
/*!50503 SET character_set_client = utf8mb4 */;
CREATE TABLE `drug` (
  `id` int NOT NULL AUTO_INCREMENT,
  `drug_name` varchar(100) DEFAULT NULL,
  `atc_code` varchar(10) DEFAULT NULL,
  PRIMARY KEY (`id`)
) ENGINE=InnoDB AUTO_INCREMENT=4 DEFAULT CHARSET=utf8mb4 COLLATE=utf8mb4_0900_ai_ci;
/*!40101 SET character_set_client = @saved_cs_client */;

--
-- Dumping data for table `drug`
--

LOCK TABLES `drug` WRITE;
/*!40000 ALTER TABLE `drug` DISABLE KEYS */;
INSERT INTO `drug` VALUES (1,'Cyclophosphamide','L01AA01'),(2,'Doxorubicin','L01DB01'),(3,'Paclitaxel','L01CD01');
/*!40000 ALTER TABLE `drug` ENABLE KEYS */;
UNLOCK TABLES;

--
-- Table structure for table `patient`
--

DROP TABLE IF EXISTS `patient`;
/*!40101 SET @saved_cs_client     = @@character_set_client */;
/*!50503 SET character_set_client = utf8mb4 */;
CREATE TABLE `patient` (
  `id` int NOT NULL AUTO_INCREMENT,
  `dni` varchar(9) DEFAULT NULL,
  `first_name` varchar(50) DEFAULT NULL,
  `last_name` varchar(50) DEFAULT NULL,
  `sex` enum('M','F') DEFAULT NULL,
  `birth` date DEFAULT NULL,
  `doctor_id` int DEFAULT NULL,
  PRIMARY KEY (`id`),
  KEY `doctor_id` (`doctor_id`),
  CONSTRAINT `patient_ibfk_1` FOREIGN KEY (`doctor_id`) REFERENCES `doctor` (`id`)
) ENGINE=InnoDB AUTO_INCREMENT=467 DEFAULT CHARSET=utf8mb4 COLLATE=utf8mb4_0900_ai_ci;
/*!40101 SET character_set_client = @saved_cs_client */;

--
-- Dumping data for table `patient`
--

LOCK TABLES `patient` WRITE;
/*!40000 ALTER TABLE `patient` DISABLE KEYS */;
INSERT INTO `patient` VALUES (6,'27133527G','Zaiga','Ivison','F','1989-04-13',1),(7,'86607066E','Lucee','Grocock','F','1987-11-20',1),(8,'77344185J','Helz','Abbot','F','1987-08-13',1),(9,'93476461K','Aylish','Gwilliam','F','1987-08-13',1),(10,'24365702N','Lyn','Colville','F','1985-10-04',1),(11,'81916518M','Merryn','Manison','F','1985-06-04',1),(12,'49880183C','Stasyte','Braund','F','1985-04-05',1),(13,'39769551A','Fluffy','Dodgson','F','1985-01-17',1),(14,'95335192S','Susan Ann','Howells','F','1985-01-15',1),(15,'83907857J','Enfys','Anglija','F','1984-02-17',1),(16,'53587680W','Sammiee','Weller','F','1983-12-04',1),(17,'79896757F','Vix','Jelley','F','1983-11-28',1),(18,'32782759G','Akvi','Bisp','F','1983-07-12',1),(19,'25285465S','Izzi','Hipkiss','F','1982-09-23',1),(20,'55741748M','Naheeda','Brayne','F','1982-09-18',1),(21,'66676693R','Gwynneth','Knock','F','1982-09-07',1),(22,'45571306I','Margaret-Mary','Sendall','F','1982-06-30',1),(23,'58921554D','Dainute','Brumpton','F','1982-06-09',1),(24,'56776405B','Amiee','Thresh','F','1982-01-01',1),(25,'34828507C','Angharad','Bowly','F','1981-08-01',1),(26,'61966020A','Ella-Rose','Harrild','F','1981-07-24',1),(27,'78560884Q','Kelise','Enderby','F','1981-07-14',1),(28,'60260809E','Aimz','Biguzas','F','1981-06-20',1),(29,'57302608P','Kolsuma','Smigelskis','F','1981-04-26',1),(30,'46151497C','Miv','Fullarton','F','1981-03-18',1),(31,'83833154V','Sarmite','Buakhong','F','1981-02-03',1),(32,'18294240B','Bronele','Copsey','F','1981-02-01',1),(33,'25288642U','Charlotte Louise','Challenger','F','1980-12-22',1),(34,'68984874B','Jo-Jo','Gorashov','F','1980-11-26',1),(35,'89883347O','Napaporn','Moncrieff','F','1980-11-11',1),(36,'78368569S','Gaivile','Walne','F','1980-11-08',1),(37,'24423932F','Huanita','Swabey','F','1980-07-15',1),(38,'21802729P','Shenel','Mulhearn','F','1980-06-15',1),(39,'18874656Y','Christina Louise','Shute','F','1980-06-15',1),(40,'73628269O','Kiarna','Mcgoohan','F','1980-03-03',1),(41,'56569927C','Chantelle','Lankutyte','F','1980-01-31',1),(42,'14799122Q','Shirley-Anne','Beavan','F','1979-12-12',1),(43,'31440085W','Glenys','Cisarova','F','1979-11-14',1),(44,'13323098Y','Gayna','Hastie','F','1979-10-05',1),(45,'74416071T','Ramatoulie','Pocock','F','1979-08-10',1),(46,'12500212C','Cadi','Lapworth','F','1979-07-13',1),(47,'19356612R','Simona Ir','Hockenhull','F','1979-07-12',1),(48,'50502884L','Jodie-Lee','Farnell','F','1979-07-01',1),(49,'89293722X','Bridget Ann','Mcdermid','F','1979-07-01',1),(50,'68167710G','Cravcescu','Armer','M','1979-05-12',1),(51,'13240939Z','Eibhlish','Neophitou','F','1979-03-28',1),(52,'73923062X','Saowalak','Parkhill','F','1979-01-12',1),(53,'73995824R','Sarah Anne','Dayman','F','1979-01-06',1),(54,'23605892Z','Lingjuan','Bendall','F','1979-01-01',1),(55,'19034485Z','Ella-Louise','Feaver','F','1978-12-30',1),(56,'20649473U','Dagyeong','Weymouth','F','1978-11-01',1),(57,'39492911D','Zoee','Daniells','F','1978-09-16',1),(58,'84834846S','Shabina','Barkham','F','1978-09-16',1),(59,'65381266C','Demi-Lea','Cormack','F','1978-08-23',1),(60,'63776798B','Bethannie','Rousell','F','1978-08-17',1),(61,'95195936W','Floss','Boseley','F','1978-07-27',1),(62,'30835252A','Vikki','Rawstron','F','1978-07-10',1),(63,'75302382K','Anne Frances','Ritchie','F','1978-06-28',1),(64,'13843523N','Jarune','Tauyavu','F','1978-06-05',1),(65,'23919188X','Bekkii','Gurden','F','1978-06-02',1),(66,'38588696K','Elliss','Lapworth','F','1978-05-13',1),(67,'98577278B','Keighley','Mc Cusker','F','1978-05-07',1),(68,'50739897O','Claree','Macleod','F','1978-04-13',1),(69,'71577969W','Izzi','Staniford','F','1978-03-29',1),(70,'51760020X','Alricka','Treleaven','F','1977-12-14',1),(71,'76851482B','Moyra','Hedgecock','F','1977-11-22',1),(72,'97260412J','Doxia','Winyard','F','1977-09-16',1),(73,'44585089V','Elleanor','Thorius','F','1977-08-10',1),(74,'77824318G','Ella-Rose','Lugg','F','1977-06-28',1),(75,'25622310O','Lydia Grace','Blackett','F','1977-04-20',1),(76,'54545054Y','Sinetta','Hatchard','F','1977-02-26',1),(77,'42428229D','Ellierose','Dyball','F','1976-11-19',1),(78,'16698705N','Raych','Moverley','F','1976-11-19',1),(79,'66789142F','Floss','Mcgailey','F','1976-11-16',1),(80,'94253512X','Yarun','Mckeag','F','1976-10-05',1),(81,'87023895D','Demmi','Noice','F','1976-10-01',1),(82,'47034779R','Breidge','Ellingham','F','1976-09-13',1),(83,'78101189M','Larraine','Colclough','F','1976-09-13',1),(84,'20394440G','Carrieann','Mcghan','F','1976-08-29',1),(85,'97852641C','Sallyann','Mouland','F','1976-08-29',1),(86,'73615184N','Carol-Anne','Fowkes','F','1976-08-20',1),(87,'25709786X','Ishbel','Mayhew','F','1976-08-18',1),(88,'92106175L','Sara-Lee','Szczepinski','F','1976-08-06',1),(89,'85072146S','Terrii','Kirkbright','F','1976-07-12',1),(90,'37987804P','Kirsty-Anne','Milligan','F','1976-06-20',1),(91,'82683658U','Bec','Steeden','F','1976-06-16',1),(92,'23370428Z','Shabina','Orackova','F','1976-06-16',1),(93,'73436709X','Marie Clare','Wenham','F','1976-05-07',1),(94,'35151216I','Nickyy','Tongue','F','1976-03-26',1),(95,'71914030V','Linz','Imrie','F','1976-02-19',1),(96,'36557740H','Rheann','Malyon','F','1976-01-31',1),(97,'53109259G','Nuriat','Kompus','F','1976-01-21',1),(98,'56098020R','Bex','Furby','F','1976-01-20',1),(99,'58776251N','Shin-Young','Shotter','F','1976-01-16',1),(100,'98807269W','Kellyanne','Millership','F','1976-01-12',1),(101,'78078161R','Gunnhildur Asta','Shorland','F','1975-10-29',1),(102,'87380770S','Terrianne','Ferrigan','F','1975-10-18',1),(103,'29241741G','Saranne','Gilliatt','F','1975-09-11',1),(104,'36538765X','Charlottee','Minelga','F','1975-09-08',1),(105,'29957861I','Cher Cher','Poole','F','1975-08-18',1),(106,'12297981C','Sandija','Machin','F','1975-08-05',1),(107,'36273055A','Jacqui','Longstaff','F','1975-05-27',1),(108,'82382845T','Jamie-Lea','Siddall','F','1975-05-21',1),(109,'21111868C','Kealy','Parapanos','F','1975-05-19',1),(110,'81710699S','Demmie','Mcglashan','F','1975-05-08',1),(111,'95841055A','Merlika','Cree','F','1975-05-08',1),(112,'99858372D','Khianna','Souness','F','1975-02-19',1),(113,'23310349D','Nichola','Aves','F','1975-02-15',1),(114,'69564577R','Jorja','Tempest','F','1975-02-15',1),(115,'98691667K','Laura-Ann','Mcmenamin','F','1974-12-05',1),(116,'44108681N','Jaimelee','Mcilwrath','F','1974-11-12',1),(117,'82449950I','Vikte','Shepley','F','1974-11-01',1),(118,'58388667Q','Ginty','Snee','F','1974-11-01',1),(119,'56477622V','Liggy','Timike','F','1974-10-03',1),(120,'61420019D','Ruyue','Beardow','F','1974-09-21',1),(121,'62087485H','Shuning','Frankling','F','1974-09-10',1),(122,'81203956X','Raheela','Kerly','F','1974-08-20',1),(123,'29550566V','Sharni','Pendlebury','F','1974-08-20',1),(124,'93956577Z','Eimute','Anderson Brown','F','1974-07-30',1),(125,'11592948U','Almante','Dennes','F','1974-07-22',1),(126,'63428308Q','Amy Rose','Baguley','F','1974-06-17',1),(127,'97711980C','Sandra Mary','Sidebottom','F','1974-05-11',1),(128,'72584597O','Nazmeen','Thomas-Brooks','F','1974-04-22',1),(129,'84325996A','Charliee','Haines','F','1974-04-20',1),(130,'82832808S','Sarahs','Allinson','F','1974-03-29',1),(131,'26837373S','Clare Ann','Normington','F','1974-03-29',1),(132,'38938644R','Olwen','Edwardson','F','1974-02-27',1),(133,'19291497W','Nikollina','Peatfield','F','1974-02-21',1),(134,'35197805X','Einir','Kotlarova','F','1974-02-21',1),(135,'92981753C','Bels','Jeffs','F','1974-02-06',1),(136,'53093658Q','Jaesu','Smith-Daye','M','1974-01-12',1),(137,'85961214A','Redukas','Templeman','F','1974-01-06',1),(138,'31068558B','Cerian','Bendle','F','1974-01-06',1),(139,'43521290G','Susan Ann','Saunderson','F','1973-12-10',1),(140,'21497457T','Dzaneta','Macneill','F','1973-12-10',1),(141,'55237453T','Tishy','Boden','F','1973-10-21',1),(142,'27443728E','Pauleen','Haddrell','F','1973-10-16',1),(143,'34664625B','Abbie','Delvard','F','1973-10-05',1),(144,'84807496K','Rachie','Hextall','F','1973-09-26',1),(145,'14131879F','Katie-Jo','Judge','F','1973-09-23',1),(146,'79354932N','Amanda Jane','Brightman','F','1973-09-08',1),(147,'44550096V','Dzintra','Finbow','F','1973-09-01',1),(148,'12275546H','Terri-Lee','Mcmeekin','F','1973-07-19',1),(149,'12985658B','Issy','Tamblin','F','1973-06-12',1),(150,'31803882U','Isobell','Renton','F','1973-04-26',1),(151,'39750548W','Ann E','Lomax','F','1973-04-07',1),(152,'82373809U','Kirsty-Anne','Southernwood','F','1973-03-23',1),(153,'92709721S','Levute','Mcmenemy','F','1973-03-22',1),(154,'28115659Z','Nnicole','Aczel','F','1973-02-13',1),(155,'76647555D','Megan-Louise','Ladic','F','1973-02-09',1),(156,'87740473Z','Shin-Young','Tromans','F','1973-02-09',1),(157,'75839473F','Emmas','Mcghan','F','1973-01-04',1),(158,'46389096Q','Maigread','Mccosker','F','1972-12-07',1),(159,'29024624R','Rattiya','Punchard','F','1972-12-07',1),(160,'79039130E','Inguna','Buckingham','F','1972-11-29',1),(161,'53453596S','Mally','Cumbers','F','1972-11-29',1),(162,'37796649H','Kirsty Louise','Theori','F','1972-11-05',1),(163,'27802015C','Phillipa','Dunseath','F','1972-09-23',1),(164,'72477150L','Aneeqa','Malton','F','1972-09-20',1),(165,'31276188V','Dyllis','Boorer','F','1972-04-25',1),(166,'16593385Q','Machala','Shamone','F','1972-04-24',1),(167,'79679921L','Hev','Hanlon','F','1972-04-24',1),(168,'43125727R','Yajie','Barford','F','1972-04-12',1),(169,'46534901G','Mairona','Belajeva','F','1972-02-28',1),(170,'31849592P','Louiseann','Evershed','F','1972-02-28',1),(171,'90297764I','Margaret Rose','Weetman','F','1971-12-19',1),(172,'85608953R','Androulla','Riew','F','1971-11-29',1),(173,'90919201N','Jeong Hyun','Jaunzeme','F','1971-11-02',1),(174,'71508190U','Leah Marie','Metcalfe','F','1971-07-05',1),(175,'32305074X','Elloise','Tunley','F','1971-07-05',1),(176,'94144896C','Vaneesha','Hayhurst','F','1971-05-06',1),(177,'86325184V','Livvie','Bayford','F','1971-04-16',1),(178,'76035992U','Annelouise','Devenport','F','1971-04-12',1),(179,'66726581E','Christophora','Bamber','F','1971-04-12',1),(180,'59120699Q','Dennecia','Fisahasion','F','1971-04-06',1),(181,'18199215M','Lily-May','Tisdall','F','1971-03-28',1),(182,'31962525P','Catrin','Nausedaite','F','1971-03-20',1),(183,'74641447A','Jodie Louise','Zienka','F','1971-02-28',1),(184,'77333631Q','Tezza','Haylock','F','1971-02-28',1),(185,'52926424Z','Tara Marie','Hobday','F','1971-01-27',1),(186,'25550870B','Annabel','Froggatt','F','1971-01-20',1),(187,'60654095E','Vaikiski','Dowrick','F','1971-01-03',1),(188,'75698335J','Beci','Pengilly','F','1971-01-03',1),(189,'91006767G','Levute','Hawe','F','1970-12-23',1),(190,'22817987I','Jess','Couldwell','F','1970-10-24',1),(191,'80208539R','Chalky','Boqore','M','1970-10-21',1),(192,'47958576N','Frith','Madley','F','1970-09-11',1),(193,'79892838Y','Moshuda','Gavin','F','1970-09-10',1),(194,'81269247P','Laura-Jayne','Coombes','F','1970-09-10',1),(195,'98859865T','Ellice','Kinnon','F','1970-09-06',1),(196,'58755654D','Kealy','Gersamia','F','1970-09-06',1),(197,'50181388E','Georginaa','Wooliston','F','1970-07-04',1),(198,'93319884A','Courtney-Leigh','Grantt','F','1970-05-27',1),(199,'13016041N','Gaenor','Lowther','F','1970-05-24',1),(200,'12827016T','Neive','Ions','F','1970-05-12',1),(201,'34599011U','Amylouise','Morgam','F','1970-05-05',1),(202,'81078619Q','Iluta','Gibbins','F','1970-02-23',1),(203,'99095718Y','Kirsty Marie','Newsham','F','1970-02-12',1),(204,'89677075U','Sarah-Jayne','Langham','F','1969-11-27',1),(205,'52318756S','Sedella','Gascoine','F','1969-11-22',1),(206,'37840678Y','Sarahjane','Deacy','F','1969-11-16',1),(207,'82251304L','Indrute','Blackburne','F','1969-10-16',1),(208,'15794379A','Bryonie','Bvumburah','F','1969-10-16',1),(209,'76344572K','Rongyan','Prowse','F','1969-08-14',1),(210,'11619871S','Leahh','Yallop','F','1969-07-18',1),(211,'98469949X','Liene','Jaruseviciene','F','1969-07-03',1),(212,'89392996U','Orgovan','Thombs','F','1969-06-30',1),(213,'31115533K','Fabilous','Clarle','F','1969-06-13',1),(214,'37863674D','Mikalina','Tizzard','F','1969-04-21',1),(215,'83439463L','Tongyu','Leach','F','1969-03-26',1),(216,'53408147G','Palne','Sawdon','F','1969-03-14',1),(217,'28744164U','Jencha','Shorthouse','F','1969-01-21',1),(218,'35495102N','Szidi','Crofts','F','1969-01-21',1),(219,'37602152M','Myuu','Chennells','F','1968-11-19',1),(220,'77407280M','Glenys','Ayrton','F','1968-08-30',1),(221,'91297889Q','Lanjun','Ravulo','F','1968-07-11',1),(222,'81108304B','Vicci','Shevket','F','1968-06-25',1),(223,'67491614M','Neive','Merrello','F','1968-06-15',1),(224,'80726067H','Soph','Khetagurashvili','F','1968-03-18',1),(225,'72901889C','Augute','Kiddell','F','1968-03-09',1),(226,'34419028U','Mateneh','Reading','F','1968-03-09',1),(227,'10769805L','Sharron','Blydgen','F','1967-12-28',1),(228,'23614188I','Agii','Macquarrie','F','1967-09-21',1),(229,'96627949S','Reanne','Rutele','F','1967-09-02',1),(230,'95132277T','Pip','Ursell','F','1967-07-14',1),(231,'63781859D','Kerry Louise','Burgoyne','F','1967-07-14',1),(232,'29743478U','Julie H','Snaith','F','1967-06-23',1),(233,'86273559E','Margaretann','Swaine','F','1967-06-23',1),(234,'80078765M','Lynzi','Ul-Haq','F','1967-06-23',1),(235,'76601178I','Glenys','Raudyte','F','1967-06-23',1),(236,'38072950L','Kellie-Anne','Mcilvaney','F','1967-05-14',1),(237,'25388671S','Doxia','Hiscock','F','1967-05-14',1),(238,'38170975O','Elizabeth Anne','Woodhead','F','1967-05-05',1),(239,'86552437S','Mailika','Karapeneva','F','1967-04-26',1),(240,'37680949F','Razna','Kiszner','F','1967-04-26',1),(241,'64500842G','Valerie Jane','Stinton','F','1967-03-13',1),(242,'50486567L','Laura-Ann','Trimby','F','1967-02-12',1),(243,'97978478T','Sooty','Novicka','F','1967-01-30',1),(244,'16318883B','Ernesta Ir Vytautas','Constable','F','1967-01-30',1),(245,'28793304Q','Louisa','Hagland','F','1966-10-16',1),(246,'40005694C','Faoiltiarna','Raakin','F','1966-09-21',1),(247,'10455003P','Tyne','Stainrod','F','1966-09-19',1),(248,'68532154Z','Mussarat','Klujeva','F','1966-09-12',1),(249,'55793588B','Ella','Scurr','F','1966-04-14',1),(250,'50783250S','Chenfei','Windridge','F','1966-04-14',1),(251,'17241587I','Louise Anne','Gebbie','F','1966-03-27',1),(252,'36888901T','Elishia','Kitson','F','1966-03-11',1),(253,'37657437D','Gillian','Dorrington','F','1966-03-09',1),(254,'31642991L','Anne Margaret','Deeble','F','1966-01-30',1),(255,'39279512S','Kate Marie','Ogeare','F','1965-11-27',1),(256,'48273062B','Velga','Tapping','F','1965-11-11',1),(257,'42906842T','Lingjuan','Acreman','F','1965-09-23',1),(258,'87277467V','Braske','Mcdade','F','1965-09-13',1),(259,'56935579D','Siian','Windsor','F','1965-06-06',1),(260,'68706718O','Helen Mary','Dryburgh','F','1965-04-14',1),(261,'29114946Q','Ceri','Blomfield','F','1965-04-02',1),(262,'60824986Y','Kashell','Rawlings','F','1965-02-01',1),(263,'92567326Z','Ratcha','Westall','F','1965-01-21',1),(264,'37145067J','Glenice','Shimwell','F','1965-01-02',1),(265,'64436711V','Katies','Frosdick','F','1964-12-07',1),(266,'18529431M','Lilymay','Cornish','F','1964-10-10',1),(267,'66378039X','Fflur','Devine','F','1964-08-02',1),(268,'44475268G','Codie','Estick','F','1964-06-29',1),(269,'97056812S','Finnuala','Krasnovas','F','1964-05-22',1),(270,'50281225T','Abbie','Harradine','F','1964-04-30',1),(271,'13103479Y','Ishbel','Paddon','F','1964-04-27',1),(272,'46172072G','Ellenna','Revill','F','1964-03-23',1),(273,'82798003U','Meriel','Smurthwaite','F','1964-02-26',1),(274,'40632030M','Haluska','Shelbourne','F','1964-02-14',1),(275,'25842978O','Chels','Ketteringham','F','1963-12-11',1),(276,'67486936P','Caris','Potter','F','1963-10-14',1),(277,'28356961P','Orgovan','Mtvralashvili','F','1963-09-29',1),(278,'75014616U','Justule','Fenwick','F','1963-09-13',1),(279,'18215773O','Vikkie','Sambrook','F','1963-08-26',1),(280,'24852801T','Chonlada','Moxham','F','1963-08-23',1),(281,'43133405X','Mo Ni Ka','Gilkes','F','1963-07-23',1),(282,'56584937T','Demi Leigh','Churchard','F','1963-05-30',1),(283,'14261265F','Agne Ir Donatas','Ganner','F','1963-05-30',1),(284,'96149598E','Bikinaw','Mushing','F','1963-05-21',1),(285,'39935669I','Ellise','Fairhurst','F','1963-04-20',1),(286,'29430375A','Lillias','Tonks','F','1963-04-12',1),(287,'24879603M','Louiseann','Currithers','F','1963-03-09',1),(288,'16675188B','Kloe','Cocks','F','1963-03-09',1),(289,'34248136S','Kellie-Marie','Mcgimpsey','F','1962-12-27',1),(290,'52497682A','Kelly Anne','Tidswell','F','1962-11-01',1),(291,'72304792D','Elanor','Muggeridge','F','1962-10-29',1),(292,'56639319Q','Demi Leigh','Mulraney','F','1962-09-16',1),(293,'24928338J','Georgina','Hounsell','F','1962-09-01',1),(294,'35483950Q','Degmo','Balloch','F','1962-07-04',1),(295,'65317351T','Iolo','Mcglennon','F','1962-06-15',1),(296,'98046665G','Toni-Marie','Witham','F','1962-04-29',1),(297,'91274792Y','Lipsy','Hirrell','F','1962-01-14',1),(298,'32394943I','Tahseena','Servica','F','1962-01-09',1),(299,'71705830K','Serish','Gudoniene','F','1961-10-30',1),(300,'52847605Z','Jessica Anne','Hepburn','F','1961-10-28',1),(301,'15408192O','Immy','Rabone','F','1961-10-02',1),(302,'69657048V','Denise Ann','Paltanaviciene','F','1961-07-02',1),(303,'32549963E','Ellenna','Childe','F','1961-06-28',1),(304,'53368085P','Nanthawan','Pinchin','F','1961-06-21',1),(305,'75652714M','Pauline D','Dagnall','F','1961-06-21',1),(306,'67886910Q','Shauney','Criddle','F','1961-06-19',1),(307,'43702065E','Szende','Hawkings','F','1961-06-19',1),(308,'61439473R','Margatet','Prentice','F','1961-06-06',1),(309,'24120807M','Rhondda','Jeffery','F','1961-06-05',1),(310,'66337885Q','Shirley Ann','Burdock','F','1961-06-01',1),(311,'87809988G','Helenor','Hume','F','1961-05-20',1),(312,'29453305J','Ziyue','Atcha','F','1961-04-26',1),(313,'17928817P','Lottie','Dowthwaite','F','1961-03-17',1),(314,'24646687V','Lauren-Anne','Joynson','F','1960-12-20',1),(315,'28122447Y','Georginaa','Khaneja','F','1960-12-20',1),(316,'87789150J','Chloe','Luckham','F','1960-12-02',1),(317,'78587658T','Katiie','Nevard','F','1960-11-28',1),(318,'68470124C','Becie','Mansley','F','1960-10-03',1),(319,'67628503P','Sophie-Marie','Routley','F','1960-10-03',1),(320,'73642269Z','Lou-Lou','Curle','F','1960-05-17',1),(321,'65168876N','Louiseann','Malyon','F','1960-05-16',1),(322,'14338156U','Claires','Loakes','F','1960-04-01',1),(323,'73872772P','Jordenne','Ciunyte','F','1960-03-26',1),(324,'17244630Y','Tiarna','Mcconaghie','F','1960-03-05',1),(325,'51631196Y','Tilley','Sauboorah','F','1960-03-01',1),(326,'42879337B','Rachy','Pawsey','F','1960-02-15',1),(327,'72127027M','Fliss','Tearle','F','1960-01-27',1),(328,'71517716E','Rubz','Duigenan','F','1960-01-20',1),(329,'81112244I','Kealey','Hefferon','F','1960-01-10',1),(330,'96087355A','Enfys','Woolley','F','1959-12-24',1),(331,'54848020J','Rishenda','Mcsherry','F','1959-12-18',1),(332,'45039946M','Shauneen','Spiteri Cornish','F','1959-12-18',1),(333,'18458473Q','Kazza','Wernham','F','1959-12-04',1),(334,'90490086E','Mair','Holyoak','F','1959-12-04',1),(335,'47707791J','Yajie','Blitzy','F','1959-12-04',1),(336,'81346495I','Kirsteen','Bullingham','F','1959-11-02',1),(337,'69289551V','Kosmetyki','Rumgay','F','1959-10-03',1),(338,'78566373X','Kerri-Ann','Topley','F','1959-09-12',1),(339,'68509982Y','Marie Clare','Manhatton','F','1959-09-11',1),(340,'31849023S','Ella Rose','Equestrian','F','1959-06-15',1),(341,'18394333F','Lily-Mae','Hockey','F','1959-05-18',1),(342,'43900701J','Allanah','Dawkes','F','1959-05-12',1),(343,'96619485B','Alanta','Sprake','F','1959-05-11',1),(344,'26695109P','Nicola Jayne','Maslin','F','1959-04-13',1),(345,'99150101I','Yuxiao','Audley','F','1959-01-22',1),(346,'88548079P','Ella May','Remmer','F','1958-11-19',1),(347,'10479342R','Kerys','Chops','F','1958-11-19',1),(348,'81699452P','Hayley-Louise','Colegate','F','1958-11-11',1),(349,'52962138X','Ngaio','Mclean','F','1958-11-10',1),(350,'62493572X','Teighan','Dear','F','1958-11-03',1),(351,'64716006H','Emma-Leigh','Downes','F','1958-09-01',1),(352,'73849947K','Prinny','Rugman','F','1958-08-25',1),(353,'14515402I','Stace','Rattray','F','1958-05-14',1),(354,'63465503Y','Maureen','Bosher','F','1958-03-20',1),(355,'98267280N','Sarah-Ann','Karia','F','1958-02-04',1),(356,'54914799R','Arune','Learmouth','F','1958-01-09',1),(357,'77625785S','Gemma Louise','Mccolgan','F','1957-12-14',1),(358,'27712046Q','Fatyol','Gaw','F','1957-12-14',1),(359,'83648339K','Rowanne','Mccarron','F','1957-03-02',1),(360,'64530545G','Mudite','Mcdermottroe','F','1957-01-27',1),(361,'63251304L','Jadee','Tapsell','F','1957-01-27',1),(362,'75985059G','Ishna','Gymnast','F','1956-11-16',1),(363,'71879505J','Merginos','Lindley','F','1956-11-05',1),(364,'81010272S','Jubeda','Rennix','F','1956-11-05',1),(365,'86409802C','Jessamy','Seduikis','F','1956-10-24',1),(366,'99575775A','Ju Youn','Springall','F','1956-08-23',1),(367,'21206927B','Catrin','Cahalin','F','1956-08-13',1),(368,'49130619A','Clare','Lambrianou','F','1956-08-12',1),(369,'23019013K','Llisa','Tiffney','F','1956-07-10',1),(370,'38682922Y','Tezza','Slee','F','1956-07-07',1),(371,'78604905Y','Amanda Jane','Dickins','F','1956-04-09',1),(372,'88169544D','Shuna','Proudfoot','F','1956-02-06',1),(373,'46638900I','Shirley Louise','Bathurst','F','1956-01-22',1),(374,'20698133O','Toni Louise','Gunn','F','1955-12-30',1),(375,'32317995V','Teegan','Mortimore','F','1955-11-24',1),(376,'45780022G','Jacqui','Urwin','F','1955-11-01',1),(377,'15090998T','Cerrie','Ginley','F','1955-10-29',1),(378,'57812928I','Katie-Marie','Vize','F','1955-10-16',1),(379,'73572029N','Demmi','Hewings','F','1955-10-16',1),(380,'34321951P','Justule','Paskeviciute','F','1955-10-15',1),(381,'28964805G','Gwenda','Ridgway','F','1955-09-13',1),(382,'39111827D','Kyoungwon','Hounsome','F','1955-05-01',1),(383,'76790432U','Jennyann','Home Improvements','F','1955-04-22',1),(384,'28171964P','Seonaid','Albone','F','1955-04-01',1),(385,'45966633W','Ammarah','Henly','F','1955-03-10',1),(386,'50682489W','Bobbie-Jo','Berrie','F','1955-03-08',1),(387,'49404041O','Adamski','Walshaw','M','1954-11-02',1),(388,'33183439S','Freya','Cobden','F','1954-09-28',1),(389,'83969020S','Xinting','Serapinas','F','1954-09-25',1),(390,'81382961K','Siddra','Trowell','F','1954-06-29',1),(391,'15721695Q','Ellie-Mae','Parlett','F','1954-06-29',1),(392,'91097607C','Katie Jane','Maughan','F','1954-05-29',1),(393,'60692033G','Dagnija','Millere','F','1954-05-29',1),(394,'28209807O','Dot','Wishart','F','1954-05-05',1),(395,'60190002W','Nicki','Gornea','F','1954-04-25',1),(396,'64400714K','Shorona','Dryland','F','1954-04-04',1),(397,'42226536Q','Miroulla','Stamp','F','1954-03-17',1),(398,'96589903R','Nusheen','Havery','F','1954-01-22',1),(399,'45302569J','Bridgina','Ogg','F','1954-01-18',1),(400,'37676465Q','Elle','Branston','F','1954-01-18',1),(401,'39332827Q','Razwana','Horne','F','1954-01-03',1),(402,'55921860Y','Shirley-Anne','Billam','F','1953-12-20',1),(403,'20857312B','Ysobel','Brundell','F','1953-11-02',1),(404,'13345595A','Dulcie','Syrett','F','1953-10-15',1),(405,'48239060R','Holly','Tinning','F','1953-09-24',1),(406,'93827450H','Juoda','Catling','F','1953-09-03',1),(407,'14863640C','Karrina','Colley','F','1953-07-30',1),(408,'66554470R','Girling','Jeffrey','F','1953-07-18',1),(409,'33149269T','Lynda','Amey','F','1953-06-10',1),(410,'60845085X','Jamie Leigh','Bodenham','F','1953-05-12',1),(411,'81499053C','Shereene','Bodle','F','1953-04-16',1),(412,'57561385T','Xanthe','Connelly','F','1953-04-12',1),(413,'57710278S','Yorkshire','Walford','M','1953-03-14',1),(414,'21765223I','Julie Maria','Newby','F','1953-02-26',1),(415,'49842210B','Domante','Mockett','F','1953-02-21',1),(416,'88460775O','Minty','Selkirk','F','1953-02-21',1),(417,'78138433R','Emma-Lee','Gilliatt','F','1953-02-18',1),(418,'12825128V','Yuechen','Poynton','F','1953-01-27',1),(419,'15011694X','Sarah Marie','Sturmey','F','1952-12-10',1),(420,'16102286M','Rorie','Sadovskis','F','1952-12-10',1),(421,'70022962N','Betsan','Danning','F','1952-11-14',1),(422,'96717919D','Eyelashes','Grinkeviciene','F','1952-08-22',1),(423,'50666983G','Hannah Marie','Phillpot','F','1952-06-03',1),(424,'38537610B','Ji-Yeon','Merson','F','1952-05-05',1),(425,'68789610E','Rishenda','Freear','F','1952-03-09',1),(426,'10953410S','Margaret Mary','Dimmick','F','1952-03-09',1),(427,'30053552K','Keanne','Simulis','F','1952-02-21',1),(428,'30738205A','Hils','Cowton','F','1952-02-21',1),(429,'88498957Z','Lenocka','Thrussell','F','1951-12-26',1),(430,'64948250Z','Kelly-Marie','Cleave','F','1951-11-19',1),(431,'65450133S','Mary-Rose','Tiffen','F','1951-09-24',1),(432,'84540178U','Shoana','Conkova','F','1951-09-24',1),(433,'37131397Q','Lowrie','Surry','F','1951-09-03',1),(434,'22069720T','Kazza','Bevan','F','1951-07-06',1),(435,'16151458M','Annlouise','Coldwell','F','1951-06-25',1),(436,'87761066Y','Sommai','Pile','F','1951-05-29',1),(437,'52746488A','Agii','Weavill','F','1950-11-26',1),(438,'15732331E','Indianna','Kightley','F','1950-11-10',1),(439,'55437523S','Suzannah','Dipper','F','1950-09-17',1),(440,'99710667N','Breidge','Kirejeva','F','1950-01-01',1),(441,'72649693B','Leostina','Eades','F','1949-12-13',1),(442,'77654819E','Larijana','Fyles','F','1949-12-03',1),(443,'61191537M','Vivienne','Hasney','F','1949-11-25',1),(444,'25386457T','Gaynor','Stearn','F','1949-11-07',1),(445,'37915405B','Dawny','Luckham','F','1949-10-09',1),(446,'41495754C','Beckii','Flannigan','F','1949-09-19',1),(447,'78720400C','Indianna','Lapsley','F','1949-09-19',1),(448,'99705969Q','Linzi','Mikniunas','F','1949-08-06',1),(449,'70869486S','Xindan','Copperthwaite','F','1949-07-05',1),(450,'32889797Z','Lynda','Kevern','F','1949-04-23',1),(451,'56504344B','Eirinn','Meachen','F','1948-09-18',1),(452,'21113527T','Nina May','Morrice','F','1948-09-18',1),(453,'97122290Q','Eleasha','Kureishi','F','1948-07-22',1),(454,'41949156P','Tyla','Bobbins','F','1948-05-07',1),(455,'68905236Q','Inese','Daykin','F','1948-05-07',1),(456,'26113485G','Kully','Hayton','F','1948-03-12',1),(457,'87056296X','Ella','Nikolasz','F','1948-02-01',1),(458,'54465437Z','Chantelle','Braniff','F','1948-01-28',1),(459,'76821395E','Clare Louise','Damanskaite','F','1948-01-28',1),(460,'88257980R','Keeva','Shiells','F','1948-01-28',1),(461,'23598765Y','Janeanne','Laniauskas','F','1947-12-31',1),(462,'18907147S','Sarmite','Robb','F','1947-11-14',1),(463,'88016407Q','Kimberley Louise','Goldies','F','1947-11-03',1),(464,'85530522L','Hannah-Marie','Burdon','F','1947-08-28',1),(465,'48488445M','Frandes','Barkham','M','1947-02-24',1),(466,'95162990Y','Deighton','Mcgeoch','M','1947-02-24',1);
/*!40000 ALTER TABLE `patient` ENABLE KEYS */;
UNLOCK TABLES;

--
-- Table structure for table `regimen`
--

DROP TABLE IF EXISTS `regimen`;
/*!40101 SET @saved_cs_client     = @@character_set_client */;
/*!50503 SET character_set_client = utf8mb4 */;
CREATE TABLE `regimen` (
  `id` int NOT NULL AUTO_INCREMENT,
  PRIMARY KEY (`id`)
) ENGINE=InnoDB AUTO_INCREMENT=2 DEFAULT CHARSET=utf8mb4 COLLATE=utf8mb4_0900_ai_ci;
/*!40101 SET character_set_client = @saved_cs_client */;

--
-- Dumping data for table `regimen`
--

LOCK TABLES `regimen` WRITE;
/*!40000 ALTER TABLE `regimen` DISABLE KEYS */;
INSERT INTO `regimen` VALUES (1);
/*!40000 ALTER TABLE `regimen` ENABLE KEYS */;
UNLOCK TABLES;

--
-- Table structure for table `regimen_drug`
--

DROP TABLE IF EXISTS `regimen_drug`;
/*!40101 SET @saved_cs_client     = @@character_set_client */;
/*!50503 SET character_set_client = utf8mb4 */;
CREATE TABLE `regimen_drug` (
  `regimen_id` int DEFAULT NULL,
  `drug_id` int DEFAULT NULL,
  KEY `regimen_id` (`regimen_id`),
  KEY `drug_id` (`drug_id`),
  CONSTRAINT `regimen_drug_ibfk_1` FOREIGN KEY (`regimen_id`) REFERENCES `regimen` (`id`),
  CONSTRAINT `regimen_drug_ibfk_2` FOREIGN KEY (`drug_id`) REFERENCES `drug` (`id`)
) ENGINE=InnoDB DEFAULT CHARSET=utf8mb4 COLLATE=utf8mb4_0900_ai_ci;
/*!40101 SET character_set_client = @saved_cs_client */;

--
-- Dumping data for table `regimen_drug`
--

LOCK TABLES `regimen_drug` WRITE;
/*!40000 ALTER TABLE `regimen_drug` DISABLE KEYS */;
INSERT INTO `regimen_drug` VALUES (1,1),(1,2),(1,3);
/*!40000 ALTER TABLE `regimen_drug` ENABLE KEYS */;
UNLOCK TABLES;

--
-- Table structure for table `surgery`
--

DROP TABLE IF EXISTS `surgery`;
/*!40101 SET @saved_cs_client     = @@character_set_client */;
/*!50503 SET character_set_client = utf8mb4 */;
CREATE TABLE `surgery` (
  `id` int NOT NULL AUTO_INCREMENT,
  `surgery_type` varchar(100) DEFAULT NULL,
  PRIMARY KEY (`id`)
) ENGINE=InnoDB AUTO_INCREMENT=6 DEFAULT CHARSET=utf8mb4 COLLATE=utf8mb4_0900_ai_ci;
/*!40101 SET character_set_client = @saved_cs_client */;

--
-- Dumping data for table `surgery`
--

LOCK TABLES `surgery` WRITE;
/*!40000 ALTER TABLE `surgery` DISABLE KEYS */;
INSERT INTO `surgery` VALUES (1,'Mastectomy'),(2,'Lumpectomy of breast'),(3,'Quadrantectomy of breast'),(4,'Lymph node excision'),(5,'Mastectomy, Radical');
/*!40000 ALTER TABLE `surgery` ENABLE KEYS */;
UNLOCK TABLES;

--
-- Table structure for table `treatment`
--

DROP TABLE IF EXISTS `treatment`;
/*!40101 SET @saved_cs_client     = @@character_set_client */;
/*!50503 SET character_set_client = utf8mb4 */;
CREATE TABLE `treatment` (
  `id` int NOT NULL AUTO_INCREMENT,
  `patient_id` int DEFAULT NULL,
  `diagnosis_year` date DEFAULT NULL,
  `weight` float DEFAULT NULL,
  `height` float DEFAULT NULL,
  `bsa` float DEFAULT NULL,
  `staging` enum('IIB','IA','II','I','IIA','IV','IIIA','0','III','IIIB','IIIC') DEFAULT NULL,
  `t` int DEFAULT NULL,
  `n` int DEFAULT NULL,
  `m` int DEFAULT NULL,
  `herfish` enum('0_0','2_3','3_1','0_3','0_1','1_3','3_2','1_1','3_4','3_3','2_2','2_4','0_4','1_2','2_1') DEFAULT NULL,
  `herceptest` float DEFAULT NULL,
  `estrogen` enum('+','-') DEFAULT NULL,
  `estrogen_value` float DEFAULT NULL,
  `progesterone` enum('+','-') DEFAULT NULL,
  `progesterone_value` float DEFAULT NULL,
  `fishher` enum('+','-') DEFAULT NULL,
  `ki67` float DEFAULT NULL,
  `prior_radio` tinyint(1) DEFAULT NULL,
  `prior_hormone` tinyint(1) DEFAULT NULL,
  `prior_chemo` tinyint(1) DEFAULT NULL,
  `prior_neo` tinyint(1) DEFAULT NULL,
  `prior_adjuvant` tinyint(1) DEFAULT NULL,
  `prior_advanced` tinyint(1) DEFAULT NULL,
  `start_date` date DEFAULT NULL,
  `regimen_id` int NOT NULL,
  PRIMARY KEY (`id`),
  KEY `patient_id` (`patient_id`),
  KEY `regimen_id` (`regimen_id`),
  CONSTRAINT `treatment_ibfk_1` FOREIGN KEY (`patient_id`) REFERENCES `patient` (`id`),
  CONSTRAINT `treatment_ibfk_2` FOREIGN KEY (`regimen_id`) REFERENCES `regimen` (`id`)
) ENGINE=InnoDB AUTO_INCREMENT=467 DEFAULT CHARSET=utf8mb4 COLLATE=utf8mb4_0900_ai_ci;
/*!40101 SET character_set_client = @saved_cs_client */;

--
-- Dumping data for table `treatment`
--

LOCK TABLES `treatment` WRITE;
/*!40000 ALTER TABLE `treatment` DISABLE KEYS */;
INSERT INTO `treatment` VALUES (1,NULL,'2021-01-01',79,168,1.89,'IIIB',4,0,0,'0_0',2,'-',0,'-',0,'+',70,0,0,0,1,0,0,'2022-02-16',1),(2,NULL,'2022-01-01',55,162,1.58,'I',1,0,0,'0_0',0.5,'+',90,'+',55,'-',20,0,0,0,0,0,0,'2022-01-14',1),(3,NULL,'2021-01-01',53,170,1.61,'III',3,1,0,'0_0',0,'+',60,'+',90,'-',17,0,0,0,0,0,0,'2021-11-19',1),(4,NULL,'2021-01-01',65,165,1.72,'II',3,1,0,'0_0',0.5,'+',90,'+',100,'-',10,0,0,0,0,0,0,'2021-06-03',1),(5,NULL,'2021-01-01',63,173,1.75,'IIIA',2,1,0,'0_0',0,'-',0,'-',0,'-',60,0,0,0,0,0,0,'2022-01-03',1),(6,6,'2020-01-01',86,166,1.94,'0',0,0,0,'0_0',0,'-',0,'-',0,'-',10,0,0,0,1,0,0,'2020-06-01',1),(7,7,'2022-01-01',64,169,1.73,'III',2,1,0,'0_0',0.5,'+',95,'+',70,'-',70,0,0,0,0,0,0,'2022-02-18',1),(8,8,'2020-01-01',65,168,1.74,'IIIA',3,1,0,'0_0',2,'+',100,'-',0,'-',20,0,0,0,0,0,0,'2020-07-07',1),(9,9,'2020-01-01',65,168,1.74,'IIIA',3,1,0,'0_0',2,'+',100,'-',0,'-',20,0,0,0,0,0,0,'2020-07-07',1),(10,10,'2020-01-01',69,175,1.84,'III',2,2,0,'0_0',0.5,'+',100,'+',90,'-',14,0,0,0,0,0,0,'2020-07-17',1),(11,11,'2021-01-01',70,160,1.73,'IIB',2,1,0,'0_0',2,'+',70,'+',100,'-',35,0,0,0,0,0,0,'2021-02-26',1),(12,12,'2022-01-01',60,160,1.62,'IIIA',1,2,0,'0_0',0,'+',90,'+',60,'-',40,0,0,0,0,0,0,'2022-03-11',1),(13,13,'2022-01-01',60,160,1.62,'IIB',2,1,0,'0_0',0.5,'+',100,'+',70,'-',14,0,0,0,0,0,0,'2022-02-18',1),(14,14,'2021-01-01',57,167,1.64,'IIB',3,0,0,'0_0',0.5,'+',10,'-',0,'-',55,0,0,0,0,0,0,'2021-02-12',1),(15,15,'2021-01-01',74,170,1.85,'II',2,0,0,'0_0',2,'+',100,'+',95,'-',50,0,0,0,0,0,0,'2021-11-10',1),(16,16,'2022-01-01',56,163,1.6,'II',2,0,0,'0_0',0.5,'-',0,'-',0,'-',40,0,0,0,0,0,0,'2022-02-15',1),(17,17,'2021-01-01',50,164,1.53,'I',1,0,0,'0_0',2,'-',0,'-',0,'-',70,0,0,0,0,0,0,'2021-11-23',1),(18,18,'2020-01-01',92,170,2.03,'IIIB',4,3,0,'0_0',2,'+',60,'-',0,'-',20,0,0,0,0,0,0,'2020-03-25',1),(19,19,'2021-01-01',65,165,1.72,'IIA',2,0,0,'0_0',1,'+',80,'+',70,'-',40,0,0,0,0,0,0,'2021-10-04',1),(20,20,'2022-01-01',61,163,1.66,'IIA',2,1,0,'0_0',0,'+',90,'+',60,'-',13,0,0,0,0,0,0,'2022-02-28',1),(21,21,'2021-01-01',60,165,1.66,'I',1,0,0,'0_0',2,'+',100,'+',95,'+',50,0,0,0,0,0,0,'2021-10-12',1),(22,22,'2021-01-01',70,162,1.75,'III',2,1,0,'0_0',0,'-',0,'-',0,'-',60,0,0,0,0,0,0,'2021-11-16',1),(23,23,'2021-01-01',65,165,1.72,'IIB',2,1,0,'0_0',2,'+',90,'+',90,'+',30,0,0,0,0,0,0,'2021-08-04',1),(24,24,'2020-01-01',40,140,1.24,'IIB',3,0,0,'0_0',0,'+',60,'+',100,'-',10,0,0,0,0,0,0,'2020-09-14',1),(25,25,'2021-01-01',62,167,1.7,'IV',4,0,1,'0_0',0,'-',0,'-',0,'-',10,0,0,0,0,0,0,'2021-07-28',1),(26,26,'2020-01-01',49,160,1.49,'IIIA',2,1,0,'0_0',0.5,'+',90,'-',0,'-',40,0,0,0,0,0,0,'2020-05-07',1),(27,27,'2021-01-01',63,161,1.66,'IIB',2,0,0,'0_0',0,'-',0,'+',55,'-',55,0,0,0,0,0,0,'2021-12-03',1),(28,28,'2020-01-01',65,165,1.72,'II',2,0,0,'0_0',0,'+',100,'+',95,'-',25,0,0,0,0,0,0,'2020-02-19',1),(29,29,'2020-01-01',58,165,1.63,'IIB',2,1,0,'0_0',0,'+',10,'+',99,'-',30,0,0,0,0,0,0,'2020-08-05',1),(30,30,'2021-01-01',45,162,1.45,'IV',3,0,1,'0_0',0,'-',0,'-',0,'-',5,0,0,0,0,0,0,'2021-06-29',1),(31,31,'2022-01-01',71,168,1.81,'IIB',2,1,0,'0_0',0,'+',100,'+',90,'-',14,0,0,0,0,0,0,'2022-03-02',1),(32,32,'2021-01-01',70,165,1.77,'IIB',2,1,0,'0_0',2,'+',99,'+',80,'-',13,0,0,0,0,0,0,'2021-10-28',1),(33,33,'2020-01-01',60,170,1.69,'IIA',2,0,0,'0_0',0.5,'-',0,'-',0,'-',90,0,0,0,0,0,0,'2020-11-19',1),(34,34,'2021-01-01',60,164,1.65,'I',1,0,0,'0_0',0.5,'-',0,'-',0,'-',70,0,0,0,0,0,0,'2021-09-15',1),(35,35,'2021-01-01',60,160,1.62,'II',2,0,0,'0_0',0,'+',82,'+',55,'-',12,0,0,0,0,0,0,'2021-08-13',1),(36,36,'2020-01-01',55,165,1.6,'III',1,3,0,'0_0',0.5,'-',0,'-',0,'-',25,0,0,0,0,0,0,'2020-01-07',1),(37,37,'2021-01-01',62,178,1.78,'II',1,1,0,'0_0',0.5,'+',80,'+',5,'-',25,0,0,0,0,0,0,'2021-02-16',1),(38,38,'2020-01-01',62,172,1.73,'I',3,1,0,'0_0',0,'+',90,'+',70,'-',50,0,0,0,0,0,0,'2020-04-02',1),(39,39,'2020-01-01',62,172,1.73,'I',3,1,0,'0_0',0,'+',93,'+',70,'-',55,0,0,0,0,0,0,'2020-04-02',1),(40,40,'2020-01-01',60,160,1.62,'I',1,0,0,'0_0',0,'-',0,'-',0,'-',10,0,0,0,0,0,0,'2020-03-17',1),(41,41,'2021-01-01',50,160,1.5,'II',2,1,0,'0_0',0,'+',100,'+',80,'-',25,0,0,0,0,0,0,'2021-01-29',1),(42,42,'2021-01-01',50,160,1.5,'III',1,3,0,'0_0',0,'-',0,'-',0,'-',8,0,0,0,0,0,0,'2021-04-23',1),(43,43,'2021-01-01',65,165,1.72,'II',2,1,0,'0_0',0,'+',90,'+',70,'-',40,0,0,0,0,0,0,'2021-09-29',1),(44,44,'2021-01-01',60,160,1.62,'IIB',2,1,0,'0_0',0.5,'+',60,'+',5,'-',20,0,0,0,0,0,0,'2021-09-15',1),(45,45,'2021-01-01',62,164,1.67,'I',1,0,0,'0_0',0,'-',0,'+',90,'-',80,0,0,0,0,0,0,'2021-08-19',1),(46,46,'2020-01-01',60,165,1.66,'IIIA',2,2,0,'0_0',0.5,'+',82,'+',5,'-',60,0,0,0,0,0,0,'2020-11-17',1),(47,47,'2020-01-01',60,165,1.66,'III',2,1,0,'0_0',0,'+',100,'+',75,'-',20,0,0,0,0,0,0,'2020-09-04',1),(48,48,'2020-01-01',63,172,1.75,'IIIA',3,1,0,'0_0',0.5,'+',90,'+',60,'-',20,0,0,0,0,0,0,'2020-11-02',1),(49,49,'2020-01-01',63,172,1.75,'IIIA',3,1,0,'0_0',0.5,'+',90,'+',70,'-',20,0,0,0,0,0,0,'2020-11-02',1),(50,50,'2021-01-01',60,160,1.62,'III',2,3,0,'0_0',2,'+',60,'+',10,'-',20,0,0,0,0,0,0,'2021-11-02',1),(51,51,'2020-01-01',64,167,1.72,'III',3,2,0,'0_0',0,'+',90,'+',100,'-',10,0,0,0,0,0,0,'2020-08-03',1),(52,52,'2021-01-01',65,165,1.72,'IIA',2,1,0,'0_0',2,'+',60,'+',60,'-',30,0,0,0,0,0,0,'2021-03-15',1),(53,53,'2021-01-01',67,170,1.78,'I',1,0,0,'0_0',0,'+',80,'+',80,'-',50,0,0,0,0,0,0,'2021-02-08',1),(54,54,'2022-01-01',59,161,1.62,'III',3,2,0,'0_0',0,'+',90,'+',95,'-',10,0,0,0,0,0,0,'2022-02-17',1),(55,55,'2021-01-01',50,160,1.5,'0',0,0,0,'0_0',0,'-',0,'-',0,'-',8,0,0,0,0,0,0,'2021-02-17',1),(56,56,'2020-01-01',64,165,1.7,'IIA',2,0,0,'0_0',0.5,'-',0,'-',0,'-',60,0,0,0,0,0,0,'2020-01-24',1),(57,57,'2020-01-01',58,160,1.6,'0',0,0,0,'0_0',0,'-',0,'-',0,'-',75,0,0,0,0,0,0,'2020-04-28',1),(58,58,'2020-01-01',58,160,1.6,'I',1,0,0,'0_0',2,'-',0,'+',60,'+',75,0,0,0,0,0,0,'2020-04-06',1),(59,59,'2020-01-01',68,170,1.79,'IIIA',3,1,0,'0_0',0.5,'+',80,'+',100,'-',18,0,0,0,0,0,0,'2020-07-10',1),(60,60,'2021-01-01',61,161,1.64,'IIA',2,0,0,'0_0',0.5,'-',0,'-',0,'-',70,1,0,0,1,0,0,'2021-04-01',1),(61,61,'2020-01-01',60,165,1.66,'IIIA',1,2,0,'0_0',0.5,'+',99,'-',0,'-',20,0,0,0,0,0,0,'2020-11-04',1),(62,62,'2020-01-01',45,150,1.37,'I',1,0,0,'0_0',0,'-',0,'-',0,'-',85,0,0,0,0,0,0,'2020-05-29',1),(63,63,'2022-01-01',54,167,1.6,'IIIA',3,1,0,'0_0',0,'+',100,'+',70,'-',30,0,0,0,0,0,0,'2022-03-22',1),(64,64,'2021-01-01',70,163,1.76,'IIB',2,1,0,'0_0',0,'+',60,'+',60,'-',10,0,0,0,0,0,0,'2021-10-13',1),(65,65,'2021-01-01',69,168,1.78,'III',2,2,0,'0_0',0,'+',90,'+',100,'-',10,0,0,0,0,0,0,'2021-07-30',1),(66,66,'2021-01-01',53,156,1.51,'III',2,1,0,'0_0',0.5,'+',80,'-',0,'-',20,0,0,0,0,0,0,'2021-03-17',1),(67,67,'2020-01-01',60,168,1.68,'II',2,0,0,'0_0',0,'-',0,'-',0,'-',85,0,0,0,0,0,0,'2020-01-21',1),(68,68,'2020-01-01',53,156,1.51,'IIA',2,0,0,'0_0',2,'+',90,'-',0,'-',20,0,0,0,0,0,0,'2020-07-15',1),(69,69,'2021-01-01',56,156,1.55,'IIA',2,0,0,'0_0',0.5,'+',90,'-',0,'-',20,0,0,0,0,0,0,'2021-07-22',1),(70,70,'2020-01-01',74,173,1.88,'I',1,0,0,'0_0',0,'+',90,'-',0,'-',70,0,0,0,0,0,0,'2020-11-04',1),(71,71,'2022-01-01',100,169,2.1,'I',1,0,0,'0_0',2,'+',70,'+',100,'-',60,0,0,0,0,0,0,'2022-03-24',1),(72,72,'2021-01-01',69,167,1.78,'IIIA',3,2,0,'0_0',2,'+',100,'-',0,'-',20,0,0,0,0,0,0,'2021-09-10',1),(73,73,'2020-01-01',60,160,1.62,'II',2,0,0,'0_0',0,'+',80,'+',20,'-',12,0,0,0,0,0,0,'2019-05-28',1),(74,74,'2021-01-01',58,158,1.58,'II',1,1,0,'0_0',0,'+',80,'+',95,'-',10,0,0,0,0,0,0,'2021-11-30',1),(75,75,'2020-01-01',58,170,1.67,'IIIC',1,3,0,'0_0',0.5,'-',0,'-',0,'-',50,0,0,0,0,0,0,'2020-04-08',1),(76,76,'2020-01-01',58,161,1.61,'II',2,0,0,'0_0',0.5,'-',0,'-',0,'-',20,0,0,0,0,0,0,'2020-07-06',1),(77,77,'2021-01-01',43,155,1.35,'I',1,0,0,'0_0',0.5,'+',95,'+',60,'-',30,0,0,0,0,0,0,'2021-06-09',1),(78,78,'2021-01-01',43,155,1.35,'I',1,0,0,'0_0',0.5,'+',95,'+',70,'-',30,0,0,0,0,0,0,'2021-06-09',1),(79,79,'2020-01-01',58,165,1.63,'I',1,0,0,'0_0',2,'-',0,'+',20,'+',40,0,0,0,0,0,0,'2020-03-05',1),(80,80,'2021-01-01',72,167,1.81,'IIB',2,1,0,'0_0',2,'+',80,'-',0,'+',20,0,0,0,0,0,0,'2021-10-18',1),(81,81,'2022-01-01',56,161,1.58,'IIIA',3,1,0,'0_0',2,'+',100,'+',90,'-',25,0,0,0,0,0,0,'2022-02-21',1),(82,82,'2020-01-01',62,173,1.74,'IIA',2,1,0,'0_0',2,'+',100,'+',70,'-',15,0,0,0,0,0,0,'2020-09-23',1),(83,83,'2020-01-01',62,173,1.74,'IIA',2,1,0,'0_0',2,'+',100,'+',75,'-',15,0,0,0,0,0,0,'2020-09-23',1),(84,84,'2021-01-01',70,168,1.79,'IV',3,0,1,'0_0',0.5,'+',100,'+',80,'-',30,0,0,0,0,0,0,'2021-03-08',1),(85,85,'2021-01-01',70,168,1.79,'IV',4,1,1,'0_0',0.5,'+',100,'+',90,'-',30,0,0,0,0,0,0,'2021-03-08',1),(86,86,'2020-01-01',66,164,1.72,'IIIA',3,1,0,'0_0',0,'+',100,'+',80,'-',45,0,0,0,0,0,0,'2020-01-14',1),(87,87,'2022-01-01',70,171,1.82,'IIIA',2,2,0,'0_0',0.5,'+',100,'-',0,'-',20,0,0,0,0,0,0,'2022-01-19',1),(88,88,'2021-01-01',64,159,1.66,'IIA',1,1,0,'0_0',0,'+',60,'+',80,'-',8,0,0,0,0,0,0,'2021-08-02',1),(89,89,'2022-01-01',65,165,1.72,'II',1,1,0,'0_0',0.5,'+',90,'+',100,'-',10,0,0,0,0,0,0,'2022-01-18',1),(90,90,'2022-01-01',65,170,1.75,'II',2,1,0,'0_0',0.5,'+',70,'+',100,'-',25,0,0,0,0,0,0,'2022-03-10',1),(91,91,'2021-01-01',70,168,1.79,'IIIA',3,1,0,'0_0',0.5,'+',100,'+',70,'-',13,0,0,0,0,0,0,'2021-10-01',1),(92,92,'2021-01-01',70,168,1.79,'IIIA',3,1,0,'0_0',0.5,'+',100,'+',99,'-',13,0,0,0,0,0,0,'2021-10-01',1),(93,93,'2021-01-01',72,171,1.84,'IIIC',4,3,0,'0_0',0.5,'+',95,'+',70,'-',70,0,0,0,0,0,0,'2021-06-09',1),(94,94,'2020-01-01',60,160,1.62,'IIA',2,1,1,'0_0',0,'+',100,'+',90,'-',25,0,0,0,0,0,0,'2020-09-22',1),(95,95,'2020-01-01',72,169,1.82,'I',1,0,0,'0_0',1,'+',50,'+',100,'-',55,0,0,0,0,0,0,'2020-04-30',1),(96,96,'2021-01-01',60,160,1.62,'II',2,0,0,'0_0',0.5,'+',100,'+',80,'-',80,0,0,0,0,0,0,'2021-08-05',1),(97,97,'2020-01-01',60,160,1.62,'III',3,3,0,'0_0',0.5,'+',80,'+',10,'-',12,0,0,0,0,0,0,'2019-12-17',1),(98,98,'2020-01-01',70,162,1.75,'III',3,1,0,'0_0',0,'+',95,'+',100,'-',18,0,0,0,0,0,0,'2020-04-21',1),(99,99,'2020-01-01',100,171,2.11,'II',2,2,0,'0_0',0.5,'-',0,'-',0,'-',19,0,0,0,0,0,0,'2020-06-19',1),(100,100,'2021-01-01',65,165,1.72,'I',1,0,0,'0_0',0.5,'+',90,'+',90,'-',12,0,0,0,0,0,0,'2021-03-08',1),(101,101,'2020-01-01',93,172,2.06,'IIB',2,1,0,'0_0',0,'+',100,'+',95,'-',55,0,0,0,0,0,0,'2020-01-03',1),(102,102,'2021-01-01',60,165,1.66,'III',1,3,0,'0_0',0,'-',0,'+',20,'-',1,0,0,0,0,0,0,'2021-03-17',1),(103,103,'2022-01-01',78,165,1.85,'IIA',2,0,0,'0_0',1,'+',79,'+',10,'-',20,0,0,0,0,0,0,'2022-02-11',1),(104,104,'2020-01-01',86,170,1.98,'II',3,1,0,'0_0',0,'+',10,'-',0,'-',20,0,0,0,0,0,0,'2019-04-04',1),(105,105,'2022-01-01',57,165,1.62,'IIB',3,0,0,'0_0',2,'+',80,'+',20,'+',20,0,0,0,0,0,0,'2022-02-28',1),(106,106,'2021-01-01',50,160,1.5,'III',4,1,0,'0_0',0,'+',60,'+',10,'-',10,0,0,0,0,0,0,'2021-07-02',1),(107,107,'2020-01-01',86,159,1.88,'IIIA',2,2,0,'0_0',2,'+',100,'+',90,'-',15,0,0,0,0,0,0,'2020-05-29',1),(108,108,'2022-01-01',64,166,1.71,'IIA',0,1,0,'0_0',0.5,'-',0,'-',0,'-',55,0,0,0,0,0,0,'2022-02-02',1),(109,109,'2022-01-01',60,160,1.62,'I',1,0,0,'0_0',0.5,'-',0,'-',0,'-',70,0,0,0,0,0,0,'2022-01-24',1),(110,110,'2020-01-01',65,165,1.72,'II',3,3,0,'0_0',0.5,'+',100,'+',90,'-',47,0,0,0,0,0,0,'2020-09-10',1),(111,111,'2020-01-01',65,165,1.72,'II',3,3,0,'0_0',0.5,'+',100,'+',90,'-',47,0,0,0,0,0,0,'2020-09-10',1),(112,112,'2021-01-01',50,160,1.5,'IIB',2,1,0,'0_0',2,'+',50,'+',80,'+',5,0,0,0,0,0,0,'2021-01-25',1),(113,113,'2020-01-01',40,140,1.24,'II',2,1,0,'0_0',0,'+',100,'+',90,'-',10,0,0,0,0,0,0,'2020-11-05',1),(114,114,'2020-01-01',40,140,1.24,'II',2,1,0,'0_0',0,'+',100,'+',95,'-',10,0,0,0,0,0,0,'2020-11-05',1),(115,115,'2021-01-01',107,164,2.11,'III',3,0,0,'0_0',0,'+',100,'+',99,'-',60,0,0,0,0,0,0,'2021-07-06',1),(116,116,'2020-01-01',44,165,1.45,'IIB',2,1,0,'0_0',0,'+',94,'+',70,'-',20,0,0,0,0,0,0,'2020-01-22',1),(117,117,'2020-01-01',65,170,1.75,'IIB',2,1,0,'0_0',1,'+',100,'+',70,'-',13,0,0,0,0,0,0,'2020-11-03',1),(118,118,'2020-01-01',65,170,1.75,'IIB',2,1,0,'0_0',1,'+',100,'+',70,'-',13,0,0,0,0,0,0,'2020-11-03',1),(119,119,'2021-01-01',79,168,1.89,'I',2,0,0,'0_0',0,'+',100,'+',80,'-',15,0,0,0,0,0,0,'2021-03-18',1),(120,120,'2020-01-01',61,157,1.61,'III',2,2,0,'0_0',0,'+',80,'+',5,'-',12,0,0,0,0,0,0,'2020-09-22',1),(121,121,'2022-01-01',46,158,1.44,'II',2,0,0,'0_0',0.5,'-',0,'-',0,'-',30,0,0,0,0,0,0,'2022-01-18',1),(122,122,'2021-01-01',40,140,1.24,'III',3,1,0,'0_0',0,'+',100,'+',95,'-',10,0,0,0,0,0,0,'2021-03-17',1),(123,123,'2021-01-01',40,140,1.24,'III',3,1,0,'0_0',0,'+',100,'+',99,'-',10,0,0,0,0,0,0,'2021-03-17',1),(124,124,'2022-01-01',40,140,1.24,'IIA',2,1,0,'0_0',0,'+',10,'+',99,'-',10,0,0,0,0,0,0,'2022-01-24',1),(125,125,'2022-01-01',65,162,1.69,'IIIA',2,3,0,'0_0',0.5,'+',90,'+',60,'-',20,0,0,0,0,0,0,'2022-03-29',1),(126,126,'2022-01-01',55,170,1.63,'II',3,0,0,'0_0',0,'+',80,'+',99,'-',18,0,0,0,0,0,0,'2022-01-19',1),(127,127,'2021-01-01',44,150,1.36,'III',1,1,0,'0_0',0,'+',100,'+',100,'-',15,0,0,0,0,0,0,'2021-04-09',1),(128,128,'2021-01-01',62,159,1.64,'IIIA',2,1,0,'0_0',2,'+',90,'+',60,'-',12,1,1,0,0,0,0,'2019-04-25',1),(129,129,'2020-01-01',72,162,1.77,'II',3,0,0,'0_0',2,'+',10,'+',75,'+',5,0,0,0,0,0,0,'2020-08-24',1),(130,130,'2021-01-01',65,165,1.72,'I',1,0,0,'0_0',0.5,'+',80,'-',0,'-',22,0,0,0,0,0,0,'2021-03-04',1),(131,131,'2021-01-01',65,165,1.72,'I',1,0,0,'0_0',0.5,'+',95,'-',0,'-',22,0,0,0,0,0,0,'2021-03-04',1),(132,132,'2020-01-01',62,170,1.27,'IIB',2,2,0,'0_0',0.5,'-',0,'-',0,'-',30,0,0,0,1,0,0,'2020-05-18',1),(133,133,'2021-01-01',60,161,1.63,'II',2,0,0,'0_0',0.5,'+',100,'+',80,'-',80,0,0,0,0,0,0,'2021-02-12',1),(134,134,'2021-01-01',60,161,1.63,'II',2,0,0,'0_0',0.5,'+',100,'+',90,'-',80,0,0,0,0,0,0,'2021-02-12',1),(135,135,'2021-01-01',70,170,1.81,'III',2,1,0,'0_0',0.5,'+',100,'-',0,'-',20,0,0,0,0,0,0,'2021-03-23',1),(136,136,'2022-01-01',92,183,2.14,'II',1,1,0,'0_0',1,'+',79,'+',95,'-',17,0,0,0,0,0,0,'2022-02-01',1),(137,137,'2021-01-01',86,166,1.94,'IIB',2,1,0,'0_0',0.5,'+',90,'+',55,'-',60,0,0,0,0,0,0,'2021-08-16',1),(138,138,'2021-01-01',86,166,1.94,'IIB',2,1,0,'0_0',2,'+',90,'+',60,'+',60,0,0,0,0,0,0,'2021-08-16',1),(139,139,'2022-01-01',56,164,1.6,'IIIC',3,3,0,'0_0',0.5,'-',0,'-',0,'-',70,0,0,0,0,0,0,'2022-04-01',1),(140,140,'2022-01-01',49,162,1.5,'III',2,1,0,'0_0',2,'+',100,'+',100,'-',30,0,1,0,0,0,0,'2022-04-04',1),(141,141,'2020-01-01',62,166,1.69,'0',0,0,0,'0_0',1,'+',60,'-',0,'-',60,0,0,0,0,0,0,'2020-04-03',1),(142,142,'2022-01-01',76,174,1.91,'II',2,0,0,'0_0',0,'+',90,'+',60,'-',30,0,0,0,0,0,0,'2022-03-10',1),(143,143,'2020-01-01',49,160,1.49,'I',1,0,0,'0_0',0,'+',10,'+',99,'-',50,0,0,0,0,0,0,'2020-09-25',1),(144,144,'2020-01-01',65,160,1.68,'IV',4,0,1,'0_0',0.5,'+',80,'+',5,'-',26.6,0,0,0,0,0,0,'2020-04-22',1),(145,145,'2020-01-01',61,170,1.71,'IIIA',3,1,0,'0_0',3,'+',100,'+',80,'+',30,0,0,0,1,0,0,'2020-08-13',1),(146,146,'2021-01-01',67,173,1.8,'III',2,1,0,'0_0',0.5,'+',90,'-',0,'-',30,0,0,0,0,0,0,'2021-09-09',1),(147,147,'2021-01-01',72,171,1.84,'IIB',2,1,0,'0_0',0,'+',93,'+',60,'-',70,0,0,0,0,0,0,'2021-04-08',1),(148,148,'2020-01-01',73,160,1.76,'IIB',2,1,0,'0_0',0,'-',0,'-',0,'-',80,0,0,0,0,0,0,'2020-12-23',1),(149,149,'2021-01-01',56,158,1.56,'IIA',1,1,0,'0_0',0,'+',95,'+',70,'-',20,1,0,0,0,0,0,'2021-10-14',1),(150,150,'2022-01-01',60,170,1.69,'I',1,0,0,'0_0',0,'-',0,'+',60,'-',70,0,0,0,0,0,0,'2022-01-06',1),(151,151,'2021-01-01',73,170,1.84,'III',1,1,0,'0_0',0,'+',70,'+',5,'-',20,0,0,0,0,0,0,'2021-05-05',1),(152,152,'2022-01-01',65,165,1.72,'II',3,0,0,'0_0',0.5,'+',100,'+',70,'-',42,0,0,0,0,0,0,'2022-01-11',1),(153,153,'2021-01-01',65,165,1.72,'IIA',1,1,0,'0_0',0.5,'+',60,'+',100,'-',18,0,0,0,0,0,0,'2021-06-25',1),(154,154,'2022-01-01',65,165,1.72,'IIB',3,1,0,'0_0',0.5,'+',100,'+',80,'-',45,0,0,0,0,0,0,'2022-03-14',1),(155,155,'2020-01-01',71,169,1.81,'II',1,0,0,'0_0',0,'+',80,'+',5,'-',37,0,0,0,0,0,0,'2020-09-22',1),(156,156,'2020-01-01',71,169,1.81,'II',1,0,0,'0_0',0,'+',80,'+',54,'-',37,0,0,0,0,0,0,'2020-09-22',1),(157,157,'2021-01-01',78,159,1.81,'IIB',2,1,0,'0_0',0,'+',90,'+',5,'-',10,0,0,0,0,0,0,'2021-09-17',1),(158,158,'2021-01-01',80,164,1.87,'IIIA',3,1,0,'0_0',0.5,'-',0,'+',60,'-',90,0,0,0,0,0,0,'2021-01-11',1),(159,159,'2021-01-01',80,164,1.87,'IIIA',3,1,0,'0_0',3,'-',0,'+',60,'+',90,0,0,0,0,0,0,'2021-01-11',1),(160,160,'2020-01-01',55,164,1.59,'II',2,0,0,'0_0',0.5,'+',99,'+',70,'-',30,0,0,0,0,0,0,'2020-08-21',1),(161,161,'2020-01-01',55,164,1.59,'II',2,0,0,'0_0',2,'+',99,'+',70,'+',30,0,0,0,0,0,0,'2020-08-21',1),(162,162,'2020-01-01',72,168,1.82,'IIA',1,1,0,'0_0',0,'+',99,'+',75,'-',23,0,0,0,0,0,0,'2020-09-11',1),(163,163,'2022-01-01',50,160,1.5,'IV',2,3,0,'0_0',0,'-',0,'-',0,'-',20,0,0,0,0,0,0,'2022-04-11',1),(164,164,'2020-01-01',77,165,1.84,'III',2,2,0,'0_0',0.5,'+',80,'+',95,'-',17,0,0,0,0,0,0,'2020-05-18',1),(165,165,'2020-01-01',52,159,1.52,'IIIA',2,3,0,'0_0',2,'+',90,'-',0,'-',20,0,0,0,0,0,0,'2020-12-29',1),(166,166,'2020-01-01',59,154,1.57,'I',1,0,0,'0_0',2,'+',100,'+',80,'-',25,0,0,0,0,0,0,'2020-10-01',1),(167,167,'2020-01-01',59,154,1.57,'I',1,0,0,'0_0',2,'+',100,'+',80,'-',25,0,0,0,0,0,0,'2020-10-01',1),(168,168,'2021-01-01',54,165,1.59,'I',1,0,0,'0_0',2,'+',94,'+',60,'+',30,0,0,0,0,0,0,'2021-02-11',1),(169,169,'2021-01-01',53,164,1.57,'I',2,0,0,'0_0',0.5,'+',100,'+',80,'-',80,0,0,0,0,0,0,'2021-06-18',1),(170,170,'2021-01-01',53,164,1.57,'I',2,0,0,'0_0',0.5,'+',100,'+',80,'-',80,0,0,0,0,0,0,'2021-06-18',1),(171,171,'2020-01-01',52,166,1.57,'IIIB',3,2,0,'0_0',0,'+',100,'+',70,'-',15,0,0,0,0,0,0,'2020-07-21',1),(172,172,'2020-01-01',68,156,1.68,'IIIA',2,1,0,'0_0',0,'+',100,'+',90,'-',50,0,0,0,1,0,0,'2020-05-29',1),(173,173,'2020-01-01',54,146,1.45,'IIIC',1,3,0,'0_0',0.5,'-',0,'-',0,'-',80,0,0,0,0,0,0,'2020-11-10',1),(174,174,'2021-01-01',60,160,1.62,'III',1,3,0,'0_0',0.5,'-',0,'-',0,'-',60,0,0,0,0,0,0,'2021-09-17',1),(175,175,'2021-01-01',60,160,1.62,'III',1,3,0,'0_0',0.5,'-',0,'-',0,'-',60,0,0,0,0,0,0,'2021-09-17',1),(176,176,'2021-01-01',65,167,1.73,'IIA',2,0,0,'0_0',0,'+',100,'-',0,'-',20,0,0,0,0,0,0,'2022-01-10',1),(177,177,'2020-01-01',90,170,2.01,'I',1,0,0,'0_0',0.5,'-',0,'-',0,'-',60,0,0,0,0,0,0,'2020-08-31',1),(178,178,'2020-01-01',60,160,1.62,'IIA',2,0,0,'0_0',0,'+',100,'+',80,'-',60,0,0,0,0,0,0,'2020-10-29',1),(179,179,'2020-01-01',53,154,1.5,'IV',3,1,1,'0_0',0.5,'+',90,'+',20,'-',30,0,1,0,0,0,0,'2019-12-19',1),(180,180,'2020-01-01',82,165,1.89,'I',1,0,0,'0_0',0.5,'+',10,'+',10,'-',85,0,0,0,0,0,0,'2020-12-30',1),(181,181,'2021-01-01',60,160,1.62,'IIIA',2,2,0,'0_0',0.5,'+',70,'+',90,'-',17,0,0,0,0,0,0,'2021-08-13',1),(182,182,'2021-01-01',60,160,1.62,'II',2,0,0,'0_0',0.5,'+',60,'+',100,'-',25,0,0,0,0,0,0,'2021-04-08',1),(183,183,'2021-01-01',69,165,1.76,'I',1,0,0,'0_0',2,'+',100,'-',0,'-',20,0,1,0,0,0,0,'2021-05-26',1),(184,184,'2021-01-01',69,165,1.76,'I',1,0,0,'0_0',2,'+',100,'-',0,'-',20,0,1,0,0,0,0,'2021-05-26',1),(185,185,'2020-01-01',85,157,1.86,'III',4,3,0,'0_0',0,'+',100,'+',90,'-',80,0,0,0,0,0,0,'2020-06-26',1),(186,186,'2020-01-01',86,175,2.02,'III',2,1,0,'0_0',0.5,'+',100,'-',0,'-',15,0,0,0,0,0,0,'2020-05-13',1),(187,187,'2020-01-01',60,165,1.66,'IIA',2,0,0,'0_0',0.5,'-',0,'-',0,'-',80,0,0,0,0,0,0,'2020-11-09',1),(188,188,'2020-01-01',60,165,1.66,'IIA',2,0,0,'0_0',0.5,'-',0,'-',0,'-',80,0,0,0,0,0,0,'2020-11-09',1),(189,189,'2020-01-01',55,155,1.53,'IIA',1,1,0,'0_0',0,'+',70,'+',20,'-',40,0,0,1,0,0,0,'2020-07-14',1),(190,190,'2020-01-01',60,160,1.62,'II',2,0,0,'0_0',0,'-',0,'-',0,'-',10,0,0,0,0,0,0,'2020-03-09',1),(191,191,'2020-01-01',89,174,2.04,'I',1,0,0,'0_0',0,'+',60,'+',90,'-',15,0,0,0,0,0,0,'2020-12-29',1),(192,192,'2021-01-01',57,158,1.57,'IIB',2,1,0,'0_0',0,'+',80,'+',90,'-',10,0,0,0,0,0,0,'2021-10-04',1),(193,193,'2020-01-01',50,160,1.5,'0',0,0,0,'0_0',0,'-',0,'-',0,'-',20,0,0,0,0,0,0,'2020-08-14',1),(194,194,'2020-01-01',63,168,1.72,'IIIA',3,1,0,'0_0',0,'+',90,'+',60,'-',14,0,0,0,0,0,0,'2020-01-28',1),(195,195,'2020-01-01',40,140,1.24,'I',1,1,0,'0_0',0,'+',100,'+',90,'-',10,0,0,0,0,0,0,'2020-01-14',1),(196,196,'2020-01-01',40,140,1.24,'I',1,1,0,'0_0',0,'+',60,'+',100,'-',10,0,0,0,0,0,0,'2020-01-14',1),(197,197,'2020-01-01',40,140,1.24,'I',1,1,0,'0_0',0,'+',50,'+',100,'-',10,0,0,0,0,0,0,'2020-01-30',1),(198,198,'2020-01-01',70,170,1.81,'III',2,1,0,'0_0',3,'-',0,'-',0,'+',40,0,0,0,1,0,0,'2020-10-08',1),(199,199,'2020-01-01',50,160,1.5,'I',2,0,0,'0_0',0,'+',94,'+',60,'-',70,0,0,0,0,0,0,'2020-04-28',1),(200,200,'2022-01-01',60,160,1.62,'IV',3,1,1,'0_0',0.5,'-',0,'-',0,'-',70,0,0,0,0,0,0,'2022-03-17',1),(201,201,'2021-01-01',54,157,1.53,'III',2,2,0,'0_0',0,'+',90,'-',0,'-',20,0,0,0,0,0,0,'2021-06-24',1),(202,202,'2021-01-01',60,160,1.62,'I',1,0,0,'0_0',0.5,'-',0,'-',0,'-',80,0,0,0,0,0,0,'2021-10-19',1),(203,203,'2020-01-01',65,160,1.68,'II',2,0,0,'0_0',0,'-',0,'-',0,'-',20,0,0,0,0,0,0,'2020-06-02',1),(204,204,'2020-01-01',77,160,1.8,'IIB',3,0,0,'0_0',1,'+',99,'+',70,'-',40,0,0,0,0,0,0,'2020-12-15',1),(205,205,'2021-01-01',60,162,1.64,'IIA',2,0,0,'0_0',0.5,'+',100,'+',99,'-',50,0,0,0,0,0,0,'2021-02-02',1),(206,206,'2022-01-01',50,160,1.5,'I',1,0,0,'0_0',0,'-',0,'-',0,'-',9,0,0,0,0,0,0,'2022-01-27',1),(207,207,'2020-01-01',101,168,2.1,'IIIA',3,2,0,'0_0',0.5,'+',10,'-',0,'-',25,0,0,0,0,0,0,'2020-04-28',1),(208,208,'2020-01-01',101,168,2.1,'IIIA',2,2,0,'0_0',2,'+',10,'-',0,'+',25,0,0,0,0,0,0,'2020-04-28',1),(209,209,'2020-01-01',66,154,1.64,'IIIA',3,1,0,'0_0',0.5,'+',90,'+',90,'-',30,0,0,0,0,0,0,'2020-07-17',1),(210,210,'2020-01-01',60,163,1.64,'IIIA',3,1,0,'0_0',0,'+',90,'+',60,'-',70,0,0,0,0,0,0,'2020-05-26',1),(211,211,'2022-01-01',72,166,1.8,'IIA',3,0,0,'0_0',0.5,'+',95,'+',70,'-',70,0,0,0,0,0,0,'2022-04-22',1),(212,212,'2021-01-01',80,148,1.73,'IIIA',3,1,0,'0_0',1,'-',0,'-',0,'-',40,0,0,0,0,0,0,'2021-07-07',1),(213,213,'2020-01-01',100,164,2.05,'IIIC',2,3,0,'0_0',0,'+',93,'+',70,'-',4,0,0,0,0,0,0,'2020-08-21',1),(214,214,'2020-01-01',74,152,1.71,'IIB',2,1,0,'0_0',0,'+',99,'+',60,'-',12,0,0,0,0,0,0,'2021-01-12',1),(215,215,'2021-01-01',62,166,1.69,'IIA',1,1,0,'0_0',0.5,'+',90,'+',60,'-',14,0,0,0,0,0,0,'2021-11-08',1),(216,216,'2022-01-01',53,162,1.55,'II',2,1,0,'0_0',3,'+',60,'+',100,'+',55,0,0,0,0,0,0,'2022-02-09',1),(217,217,'2020-01-01',65,165,1.72,'IIA',1,1,0,'0_0',0.5,'-',0,'-',0,'-',30,0,0,0,0,0,0,'2020-05-19',1),(218,218,'2020-01-01',65,165,1.72,'IIA',1,1,0,'0_0',2,'-',0,'-',0,'+',30,0,0,0,0,0,0,'2020-05-19',1),(219,219,'2020-01-01',69,178,1.86,'I',1,0,0,'0_0',0,'-',0,'-',0,'-',10,0,0,0,0,0,0,'2020-08-31',1),(220,220,'2020-01-01',61,163,1.66,'IIIB',4,1,0,'0_0',0,'+',60,'+',100,'-',35,0,0,0,0,0,0,'2020-07-21',1),(221,221,'2022-01-01',62,165,1.68,'IIA',2,0,0,'0_0',0.5,'+',90,'+',100,'-',18,0,1,0,0,0,0,'2022-03-07',1),(222,222,'2020-01-01',40,140,1.24,'IIIA',3,0,0,'0_0',0,'-',0,'-',0,'-',4,0,0,0,0,0,0,'2020-08-10',1),(223,223,'2022-01-01',76,166,1.84,'II',2,0,0,'0_0',2,'+',90,'+',20,'-',60,0,0,0,0,0,0,'2022-03-04',1),(224,224,'2021-01-01',50,160,1.5,'IV',4,1,1,'0_0',0,'-',0,'-',0,'-',8,1,0,0,1,0,1,'2021-07-16',1),(225,225,'2020-01-01',79,162,1.84,'IIA',2,0,0,'0_0',0,'+',100,'-',0,'-',20,0,0,0,0,0,0,'2020-04-17',1),(226,226,'2020-01-01',79,162,1.84,'IIA',2,0,0,'0_0',0,'+',100,'-',0,'-',20,0,0,0,0,0,0,'2020-07-03',1),(227,227,'2020-01-01',50,160,1.5,'II',2,1,0,'0_0',2,'+',100,'+',99,'+',70,0,0,0,0,0,0,'2020-07-30',1),(228,228,'2022-01-01',105,156,2.02,'IIIC',1,3,0,'0_0',3,'+',100,'+',95,'+',30,0,0,0,0,0,0,'2022-02-25',1),(229,229,'2020-01-01',70,170,1.81,'IIA',2,0,0,'0_0',0.5,'+',60,'-',0,'-',35,0,0,0,0,0,0,'2020-06-11',1),(230,230,'2020-01-01',61,150,1.56,'II',3,0,0,'0_0',0.5,'+',80,'-',0,'-',60,0,0,0,0,0,0,'2020-09-01',1),(231,231,'2020-01-01',61,150,1.56,'II',3,0,0,'0_0',2,'+',80,'-',0,'+',60,0,0,0,0,0,0,'2020-09-01',1),(232,232,'2021-01-01',60,165,1.66,'IIB',2,0,0,'0_0',0,'-',0,'-',0,'-',85,0,0,0,0,0,0,'2021-09-08',1),(233,233,'2021-01-01',70,172,1.83,'IIB',2,0,0,'0_0',0,'-',0,'-',0,'-',85,0,0,0,0,0,0,'2021-08-18',1),(234,234,'2021-01-01',70,172,1.83,'IIB',2,0,0,'0_0',0,'-',0,'-',0,'-',85,0,0,0,0,0,0,'2021-07-21',1),(235,235,'2021-01-01',70,172,1.83,'IIB',2,0,0,'0_0',0,'-',0,'-',0,'-',85,0,0,0,0,0,0,'2021-09-29',1),(236,236,'2021-01-01',65,165,1.72,'IIIB',4,1,0,'0_0',0.5,'+',90,'+',55,'-',40,0,0,0,0,0,0,'2021-07-09',1),(237,237,'2021-01-01',65,165,1.72,'IIIB',4,1,0,'0_0',0.5,'+',90,'+',80,'-',40,0,0,0,0,0,0,'2021-07-09',1),(238,238,'2021-01-01',67,157,1.68,'IV',3,1,1,'0_0',1,'+',80,'+',10,'-',27,1,1,0,0,0,0,'2021-04-19',1),(239,239,'2020-01-01',55,158,1.55,'IIIA',2,2,0,'0_0',0,'+',79,'+',70,'-',5,0,0,0,0,0,0,'2020-02-05',1),(240,240,'2020-01-01',67,158,1.68,'IV',4,1,1,'0_0',0,'-',0,'-',0,'-',20,0,0,0,0,0,0,'2020-04-14',1),(241,241,'2021-01-01',60,160,1.62,'I',2,1,0,'0_0',0.5,'+',60,'+',80,'-',15,0,0,0,0,0,0,'2021-07-13',1),(242,242,'2020-01-01',56,161,1.58,'IIIA',2,1,0,'0_0',0,'+',100,'+',90,'-',25,0,0,0,0,0,0,'2020-02-05',1),(243,243,'2020-01-01',45,156,1.41,'IV',4,1,1,'0_0',0.5,'-',0,'+',10,'-',28,0,0,0,0,0,0,'2020-08-24',1),(244,244,'2020-01-01',45,156,1.41,'IV',4,1,1,'0_0',2,'-',0,'+',5,'+',28,0,0,0,0,0,0,'2020-08-24',1),(245,245,'2021-01-01',76,163,1.82,'IIB',2,1,0,'0_0',0,'-',0,'-',0,'-',10,0,0,0,0,0,0,'2021-11-03',1),(246,246,'2020-01-01',57,149,1.51,'0',0,0,0,'0_0',0,'+',70,'+',5,'-',12,0,0,0,0,0,0,'2020-11-04',1),(247,247,'2022-01-01',110,160,2.1,'I',2,1,0,'0_0',0,'+',80,'+',10,'-',20,0,0,0,0,0,0,'2022-03-21',1),(248,248,'2020-01-01',60,160,1.62,'II',2,0,0,'0_0',2,'+',90,'-',0,'+',40,0,0,0,0,0,0,'2020-08-05',1),(249,249,'2020-01-01',70,170,1.81,'IIB',2,0,0,'0_0',0.5,'+',90,'+',60,'-',60,0,0,0,0,0,0,'2020-08-14',1),(250,250,'2020-01-01',70,170,1.81,'IIB',2,0,0,'0_0',0.5,'+',90,'+',60,'-',60,0,0,0,0,0,0,'2020-08-14',1),(251,251,'2021-01-01',70,167,1.79,'IIIB',4,1,0,'0_0',0.5,'+',60,'+',5,'-',20,0,0,0,0,0,0,'2021-04-21',1),(252,252,'2020-01-01',55,159,1.56,'IIB',2,1,0,'0_0',0,'+',94,'+',60,'-',40,0,0,0,0,0,0,'2020-12-16',1),(253,253,'2020-01-01',59,162,1.63,'I',1,0,0,'0_0',0,'+',95,'-',0,'-',20,0,0,0,0,0,0,'2020-07-15',1),(254,254,'2022-01-01',64,157,1.64,'III',2,1,0,'0_0',0,'+',90,'+',60,'-',30,0,0,0,0,0,0,'2022-03-16',1),(255,255,'2021-01-01',70,165,1.77,'IIB',2,1,0,'0_0',2,'+',100,'+',99,'-',25,0,0,0,0,0,0,'2021-01-21',1),(256,256,'2021-01-01',65,163,1.7,'IIIB',3,0,0,'0_0',0.5,'+',90,'-',0,'-',30,0,0,0,0,0,0,'2021-09-30',1),(257,257,'2021-01-01',60,160,1.62,'I',1,0,0,'0_0',0.5,'+',100,'+',90,'-',25,1,0,0,0,0,0,'2021-03-18',1),(258,258,'2020-01-01',65,168,1.74,'I',2,1,0,'0_0',0,'+',95,'+',75,'-',80,0,0,0,0,0,0,'2020-11-04',1),(259,259,'2022-01-01',65,160,1.68,'I',1,0,0,'0_0',0,'+',100,'+',75,'-',75,1,0,0,0,0,0,'2022-04-04',1),(260,260,'2020-01-01',50,160,1.5,'IV',4,0,1,'0_0',0,'+',60,'+',100,'-',10,1,1,0,0,1,0,'2020-12-04',1),(261,261,'2021-01-01',70,165,1.77,'I',1,0,0,'0_0',2,'-',0,'+',5,'+',9,0,0,0,0,0,0,'2021-11-11',1),(262,262,'2022-01-01',66,174,1.8,'I',1,0,0,'0_0',1,'+',100,'+',90,'-',30,0,0,0,0,0,0,'2022-03-21',1),(263,263,'2021-01-01',50,160,1.5,'I',1,0,0,'0_0',0,'-',0,'-',0,'-',7,0,1,0,1,0,0,'2021-03-23',1),(264,264,'2021-01-01',60,165,1.66,'III',1,1,0,'0_0',0,'+',100,'-',0,'-',25,0,0,0,0,0,0,'2021-08-09',1),(265,265,'2021-01-01',61,157,1.61,'IIIB',3,3,0,'0_0',0.5,'+',90,'-',0,'-',20,0,0,0,0,0,0,'2021-12-01',1),(266,266,'2021-01-01',74,168,1.84,'I',1,0,0,'0_0',0.5,'+',10,'-',0,'-',20,1,0,0,0,0,0,'2021-04-08',1),(267,267,'2022-01-01',57,163,1.61,'IIIB',2,3,0,'0_0',0.5,'+',90,'+',60,'-',20,0,0,0,0,0,0,'2022-03-15',1),(268,268,'2021-01-01',75,165,1.82,'III',2,1,0,'0_0',0,'+',90,'+',5,'-',10,0,0,0,0,0,0,'2021-06-16',1),(269,269,'2021-01-01',70,160,1.73,'IIA',2,0,0,'0_0',0.5,'+',100,'-',0,'-',20,0,0,0,0,0,0,'2021-03-16',1),(270,270,'2022-01-01',71,162,1.76,'IV',4,3,1,'0_0',0.5,'+',95,'+',80,'-',90,0,0,0,1,0,0,'2022-04-19',1),(271,271,'2021-01-01',60,170,1.69,'I',1,0,0,'0_0',0.5,'+',90,'+',60,'-',13,0,0,0,0,0,0,'2021-11-12',1),(272,272,'2020-01-01',70,165,1.77,'II',1,0,0,'0_0',0.5,'+',60,'-',0,'-',15,1,0,1,0,1,0,'2020-07-24',1),(273,273,'2021-01-01',70,155,1.69,'II',1,1,0,'0_0',0.5,'-',0,'-',0,'-',50,0,0,0,0,0,0,'2021-01-22',1),(274,274,'2022-01-01',54,162,1.57,'I',1,0,0,'0_0',0,'-',0,'-',0,'-',10,0,0,0,1,0,0,'2022-02-23',1),(275,275,'2021-01-01',65,170,1.75,'IIB',2,2,0,'0_0',0.5,'+',95,'+',80,'-',90,0,0,0,0,0,0,'2021-06-18',1),(276,276,'2021-01-01',84,160,1.87,'I',1,0,0,'0_0',2,'+',100,'-',0,'+',80,0,0,0,0,0,0,'2021-11-15',1),(277,277,'2021-01-01',75,165,1.82,'IIIA',3,2,0,'0_0',0.5,'+',70,'+',90,'-',8,0,0,0,0,0,0,'2021-04-12',1),(278,278,'2020-01-01',50,160,1.5,'II',2,0,0,'0_0',2,'-',0,'-',0,'-',90,0,0,0,0,0,0,'2019-01-02',1),(279,279,'2022-01-01',58,167,1.65,'II',2,0,0,'0_0',0,'+',82,'+',70,'-',1,0,0,0,0,0,0,'2022-01-31',1),(280,280,'2021-01-01',65,160,1.68,'I',1,0,0,'0_0',0,'+',90,'+',20,'-',40,0,0,0,0,0,0,'2021-06-11',1),(281,281,'2020-01-01',93,165,2,'III',2,1,0,'0_0',0.5,'+',100,'+',95,'-',40,0,0,0,0,0,0,'2020-11-06',1),(282,282,'2020-01-01',60,165,1.66,'I',1,0,0,'0_0',0,'+',95,'-',0,'-',20,0,0,0,0,0,0,'2020-07-14',1),(283,283,'2021-01-01',65,165,1.72,'I',1,1,0,'0_0',0,'+',90,'+',70,'-',15,0,0,0,0,0,0,'2022-01-05',1),(284,284,'2020-01-01',50,160,1.5,'IIA',2,0,0,'0_0',0,'-',0,'-',0,'-',5,0,0,0,0,0,0,'2020-12-03',1),(285,285,'2021-01-01',65,165,1.72,'IIIC',2,3,0,'0_0',0.5,'+',100,'+',10,'-',15,0,0,0,0,0,0,'2021-11-05',1),(286,286,'2021-01-01',56,159,1.57,'IIIA',1,2,0,'0_0',0.5,'+',90,'+',60,'-',30,0,0,0,0,0,0,'2021-06-24',1),(287,287,'2021-01-01',90,161,1.94,'IIA',2,0,0,'0_0',0,'-',0,'-',0,'-',70,0,0,0,0,0,0,'2021-07-02',1),(288,288,'2021-01-01',90,161,1.94,'IIA',2,0,0,'0_0',0,'-',0,'-',0,'-',70,0,0,0,0,0,0,'2021-07-28',1),(289,289,'2021-01-01',89,168,1.99,'IIB',3,1,0,'0_0',0.5,'+',82,'+',100,'-',18,0,0,0,0,0,0,'2021-07-28',1),(290,290,'2021-01-01',48,163,1.5,'II',2,0,0,'0_0',0,'-',0,'-',0,'-',7,0,0,0,1,0,0,'2021-10-08',1),(291,291,'2022-01-01',67,168,1.76,'IIIA',2,2,0,'0_0',1,'+',100,'-',0,'-',20,0,0,0,0,0,0,'2022-01-10',1),(292,292,'2021-01-01',56,157,1.55,'IIIA',2,3,0,'0_0',0,'+',79,'+',5,'-',12,0,0,0,0,0,0,'2021-01-11',1),(293,293,'2021-01-01',80,159,1.82,'III',4,2,0,'0_0',2,'+',90,'+',60,'-',70,0,0,0,0,0,0,'2021-10-26',1),(294,294,'2021-01-01',68,170,1.79,'III',2,3,0,'0_0',0.5,'+',90,'+',100,'-',18,0,0,0,0,0,0,'2021-08-18',1),(295,295,'2020-01-01',57,158,1.57,'III',1,3,0,'0_0',0,'-',0,'-',0,'-',10,0,0,0,0,0,0,'2020-09-10',1),(296,296,'2021-01-01',58,149,1.52,'III',1,3,0,'0_0',0.5,'-',0,'-',0,'-',60,0,0,0,0,0,0,'2021-04-16',1),(297,297,'2021-01-01',93,165,2,'III',3,1,0,'0_0',0.5,'-',0,'-',0,'-',75,0,0,0,0,0,0,'2021-07-30',1),(298,298,'2021-01-01',74,160,1.77,'IIIA',3,2,0,'0_0',0.5,'+',99,'+',95,'-',14,0,0,0,0,0,0,'2021-06-04',1),(299,299,'2020-01-01',70,170,1.81,'IIA',1,1,0,'0_0',0.5,'+',90,'+',5,'-',10,0,0,0,0,0,0,'2020-10-15',1),(300,300,'2021-01-01',50,150,1.43,'I',2,0,0,'0_0',0,'+',95,'-',0,'-',5,0,0,0,0,0,0,'2021-02-12',1),(301,301,'2020-01-01',56,165,1.61,'IIB',4,0,0,'0_0',0.5,'+',90,'+',60,'-',20,0,0,0,0,0,0,'2020-01-31',1),(302,302,'2022-01-01',58,165,1.63,'II',2,0,0,'0_0',2,'+',60,'+',100,'-',25,0,0,0,0,0,0,'2021-12-29',1),(303,303,'2021-01-01',75,160,1.78,'I',1,0,0,'0_0',1,'+',93,'+',70,'-',20,0,0,0,0,0,0,'2021-04-13',1),(304,304,'2020-01-01',61,156,1.6,'IIA',2,0,0,'0_0',0.5,'+',100,'+',60,'-',12,0,0,0,0,0,0,'2020-08-15',1),(305,305,'2020-01-01',61,156,1.6,'IIA',2,0,0,'0_0',0.5,'+',100,'+',60,'-',12,0,0,0,0,0,0,'2020-08-15',1),(306,306,'2020-01-01',107,173,2.2,'IIA',2,0,0,'0_0',1,'-',0,'-',0,'-',70,0,0,0,0,0,0,'2020-10-09',1),(307,307,'2020-01-01',107,173,2.2,'IIA',2,0,0,'0_0',1,'-',0,'-',0,'-',70,0,0,0,0,0,0,'2020-10-09',1),(308,308,'2020-01-01',65,148,1.59,'II',2,1,0,'0_0',0,'+',10,'+',70,'-',5,0,0,0,0,0,0,'2019-06-27',1),(309,309,'2020-01-01',65,160,1.68,'IIIA',2,2,0,'0_0',0,'+',60,'+',80,'-',6,0,0,0,0,0,0,'2020-10-05',1),(310,310,'2020-01-01',55,158,1.55,'II',2,0,0,'0_0',0.5,'-',0,'-',0,'-',32,0,0,0,1,0,0,'2020-02-11',1),(311,311,'2022-01-01',84,158,1.85,'IIIA',1,1,0,'0_0',0.5,'-',0,'-',0,'-',40,0,0,0,0,0,0,'2022-03-29',1),(312,312,'2021-01-01',72,156,1.72,'II',1,1,0,'0_0',2,'-',0,'+',5,'+',10,0,0,0,0,0,0,'2021-02-16',1),(313,313,'2020-01-01',65,160,1.68,'I',1,0,0,'0_0',0,'-',0,'-',0,'-',20,0,0,0,0,0,0,'2020-05-21',1),(314,314,'2020-01-01',70,160,1.73,'I',1,0,0,'0_0',0.5,'+',95,'+',60,'-',10,0,0,0,0,0,0,'2020-04-01',1),(315,315,'2020-01-01',70,160,1.73,'I',1,0,0,'0_0',3,'+',95,'+',55,'+',10,0,0,0,0,0,0,'2020-04-01',1),(316,316,'2021-01-01',75,165,1.82,'IIIA',3,1,0,'0_0',0,'+',79,'+',100,'-',35,0,0,0,0,0,0,'2021-11-25',1),(317,317,'2022-01-01',65,160,1.68,'I',1,0,0,'0_0',0.5,'+',82,'+',10,'-',29,1,0,0,0,0,0,'2022-03-14',1),(318,318,'2021-01-01',60,160,1.62,'IIB',2,1,0,'0_0',0.5,'+',60,'+',100,'-',60,0,0,0,0,0,0,'2021-03-12',1),(319,319,'2020-01-01',74,163,1.8,'IIA',2,1,0,'0_0',3,'+',93,'-',0,'+',30,0,0,0,0,0,0,'2020-06-25',1),(320,320,'2020-01-01',61,158,1.62,'I',1,0,0,'0_0',3,'+',60,'+',100,'+',25,0,0,0,0,0,0,'2020-01-29',1),(321,321,'2021-01-01',52,157,1.51,'I',1,0,0,'0_0',2,'+',10,'-',0,'+',15,0,0,0,0,0,0,'2021-06-23',1),(322,322,'2020-01-01',63,160,1.66,'IIA',2,1,0,'0_0',0,'+',100,'-',0,'-',25,0,0,0,0,0,0,'2020-10-26',1),(323,323,'2021-01-01',55,163,1.58,'III',1,3,0,'0_0',3,'-',0,'-',0,'+',40,0,0,0,0,0,0,'2021-08-10',1),(324,324,'2021-01-01',65,163,1.7,'IIIA',2,0,0,'0_0',0.5,'-',0,'-',0,'-',20,0,0,0,0,0,0,'2021-12-13',1),(325,325,'2021-01-01',85,170,1.97,'I',0,0,0,'0_0',0.5,'-',0,'-',0,'-',80,0,0,0,0,0,0,'2021-04-22',1),(326,326,'2021-01-01',55,168,1.62,'IIB',2,1,0,'0_0',0.5,'+',80,'+',5,'-',60,0,0,0,0,0,0,'2021-02-05',1),(327,327,'2020-01-01',69,157,1.7,'IV',3,0,1,'0_0',0,'+',99,'+',70,'-',70,0,0,0,0,0,0,'2020-11-05',1),(328,328,'2021-01-01',73,165,1.8,'IIIA',1,1,0,'0_0',0,'+',90,'+',30,'-',10,0,0,0,0,0,0,'2021-10-15',1),(329,329,'2021-01-01',69,169,1.79,'III',4,2,0,'0_0',0.5,'+',100,'+',80,'-',45,0,0,0,0,0,0,'2021-05-28',1),(330,330,'2020-01-01',60,160,1.62,'III',1,3,0,'0_0',3,'-',0,'-',0,'+',40,0,0,0,0,0,0,'2020-04-16',1),(331,331,'2021-01-01',69,165,1.76,'IIA',1,1,0,'0_0',0,'+',79,'+',50,'-',25,0,0,0,0,0,0,'2021-10-27',1),(332,332,'2020-01-01',65,165,1.72,'IIIB',4,2,0,'0_0',0,'+',90,'+',100,'-',10,0,0,0,0,0,0,'2020-10-28',1),(333,333,'2020-01-01',66,159,1.68,'I',1,0,0,'0_0',0.5,'-',0,'-',0,'-',40,0,0,0,0,0,0,'2020-11-23',1),(334,334,'2020-01-01',81,161,1.85,'II',1,1,0,'0_0',0.5,'+',82,'-',0,'-',20,0,0,0,0,0,0,'2020-04-27',1),(335,335,'2020-01-01',81,161,1.85,'II',1,1,0,'0_0',0.5,'+',90,'-',0,'-',20,0,0,0,0,0,0,'2020-04-27',1),(336,336,'2020-01-01',67,167,1.75,'II',2,0,0,'0_0',0,'+',60,'-',0,'-',35,0,0,0,0,0,0,'2020-11-25',1),(337,337,'2022-01-01',50,160,1.5,'IIA',1,1,0,'0_0',0,'-',0,'-',0,'-',20,0,0,0,0,0,0,'2022-04-04',1),(338,338,'2020-01-01',83,167,1.92,'II',2,0,0,'0_0',0.5,'-',0,'-',0,'-',60,0,0,0,0,0,0,'2020-07-31',1),(339,339,'2020-01-01',70,169,1.8,'IV',3,1,1,'0_0',0.5,'+',99,'+',80,'-',13,0,0,0,0,0,1,'2021-04-30',1),(340,340,'2021-01-01',60,160,1.62,'III',2,3,0,'0_0',0.5,'+',100,'-',0,'-',25,0,0,0,0,0,0,'2021-07-09',1),(341,341,'2021-01-01',58,162,1.61,'I',1,0,0,'0_0',0,'-',0,'-',0,'-',10,0,0,0,1,0,0,'2021-06-09',1),(342,342,'2021-01-01',50,160,1.5,'I',1,0,0,'0_0',0,'-',0,'-',0,'-',7,0,0,0,0,0,0,'2021-08-02',1),(343,343,'2020-01-01',60,165,1.66,'III',2,2,0,'0_0',0,'+',95,'-',0,'-',30,0,0,0,0,0,0,'2020-12-11',1),(344,344,'2021-01-01',65,162,1.69,'III',1,3,0,'0_0',0,'-',0,'+',60,'-',13,0,0,0,0,0,0,'2021-06-17',1),(345,345,'2020-01-01',75,172,1.88,'0',0,0,0,'0_0',0.5,'+',100,'+',90,'-',30,0,0,0,0,0,0,'2019-12-12',1),(346,346,'2020-01-01',70,160,1.73,'I',1,0,0,'0_0',0.5,'-',0,'-',0,'-',40,0,0,0,0,0,0,'2020-10-02',1),(347,347,'2020-01-01',60,160,1.62,'I',1,0,0,'0_0',0,'+',80,'+',10,'-',12,0,0,0,0,0,0,'2019-06-06',1),(348,348,'2020-01-01',73,157,1.74,'I',1,0,0,'0_0',0.5,'-',0,'-',0,'-',70,0,0,0,0,0,0,'2020-08-11',1),(349,349,'2020-01-01',58,160,1.6,'IIB',2,1,0,'0_0',1,'+',80,'+',95,'-',10,0,0,0,0,0,0,'2020-09-16',1),(350,350,'2021-01-01',60,160,1.62,'II',2,0,0,'0_0',0.5,'-',0,'-',0,'-',12,0,0,0,0,0,0,'2021-04-12',1),(351,351,'2020-01-01',60,165,1.66,'0',0,0,0,'0_0',0.5,'-',0,'-',0,'-',10,0,0,0,0,0,0,'2020-09-07',1),(352,352,'2020-01-01',58,165,1.63,'IIA',1,1,0,'0_0',0,'+',60,'+',100,'-',60,0,0,0,0,0,0,'2020-09-18',1),(353,353,'2020-01-01',77,152,1.74,'III',3,3,0,'0_0',0,'+',94,'+',70,'-',60,0,0,0,0,0,0,'2020-11-05',1),(354,354,'2021-01-01',60,165,1.66,'IV',3,1,1,'0_0',0.5,'-',0,'-',0,'-',80,0,0,0,0,0,0,'2021-09-01',1),(355,355,'2021-01-01',52,157,1.51,'III',1,3,0,'0_0',0,'-',0,'+',10,'-',38,0,0,0,0,0,0,'2021-08-06',1),(356,356,'2020-01-01',60,160,1.62,'II',1,0,0,'0_0',0,'+',94,'-',0,'-',20,0,0,0,0,0,0,'2020-07-09',1),(357,357,'2020-01-01',60,157,1.6,'IIIA',1,2,0,'0_0',0.5,'+',90,'+',60,'-',20,0,0,0,0,0,0,'2020-08-24',1),(358,358,'2020-01-01',60,157,1.6,'IIIA',1,2,0,'0_0',2,'+',90,'+',60,'+',20,0,0,0,0,0,0,'2020-08-24',1),(359,359,'2020-01-01',100,163,2.04,'II',3,0,0,'0_0',0,'+',94,'+',5,'-',50,0,0,0,0,0,0,'2020-05-05',1),(360,360,'2021-01-01',72,162,1.77,'IIA',2,0,0,'0_0',2,'+',90,'+',10,'+',60,0,0,0,0,0,0,'2021-05-07',1),(361,361,'2021-01-01',72,162,1.77,'IIA',2,0,0,'0_0',2,'+',90,'+',10,'+',60,0,0,0,0,0,0,'2021-05-07',1),(362,362,'2021-01-01',87,164,1.93,'III',1,3,0,'0_0',0,'-',0,'-',0,'-',40,0,0,0,0,0,0,'2021-10-01',1),(363,363,'2020-01-01',50,160,1.5,'IIB',2,1,0,'0_0',0.5,'-',0,'-',0,'-',60,0,0,0,0,0,0,'2020-10-23',1),(364,364,'2020-01-01',50,160,1.5,'IIB',2,1,0,'0_0',2,'-',0,'-',0,'+',60,0,0,0,0,0,0,'2020-10-23',1),(365,365,'2020-01-01',55,160,1.56,'II',1,1,0,'0_0',0,'+',100,'+',70,'-',15,0,0,0,0,0,0,'2020-01-31',1),(366,366,'2022-01-01',85,168,1.95,'IIA',2,0,0,'0_0',0,'+',100,'+',90,'-',15,0,0,0,0,0,0,'2022-02-11',1),(367,367,'2020-01-01',80,165,1.87,'IIB',2,3,0,'0_0',0.5,'+',90,'+',55,'-',40,0,0,0,0,0,0,'2020-12-03',1),(368,368,'2020-01-01',54,156,1.52,'II',2,0,0,'0_0',2,'+',90,'+',60,'+',40,0,0,0,0,0,0,'2020-04-06',1),(369,369,'2021-01-01',63,149,1.57,'I',1,0,0,'0_0',1,'+',95,'-',0,'-',30,0,0,0,0,0,0,'2021-09-23',1),(370,370,'2021-01-01',60,160,1.62,'II',1,1,0,'0_0',0,'+',95,'-',0,'-',20,0,0,0,0,0,0,'2021-09-09',1),(371,371,'2020-01-01',66,163,1.71,'0',0,0,0,'0_0',0,'+',100,'+',80,'-',15,0,0,0,0,0,0,'2020-01-27',1),(372,372,'2021-01-01',65,165,1.72,'II',2,0,0,'0_0',0.5,'+',100,'-',0,'-',20,0,0,0,0,0,0,'2021-12-17',1),(373,373,'2021-01-01',64,155,1.63,'III',1,1,0,'0_0',0,'+',93,'+',10,'-',10,0,0,0,0,0,0,'2021-07-29',1),(374,374,'2020-01-01',97,162,2.01,'IIA',1,1,0,'0_0',0,'+',50,'-',0,'-',20,0,0,0,0,0,0,'2020-09-04',1),(375,375,'2020-01-01',55,169,1.61,'IIIC',3,3,0,'0_0',2,'+',100,'+',70,'+',30,0,0,0,0,0,0,'2020-02-26',1),(376,376,'2022-01-01',65,160,1.68,'II',2,0,0,'0_0',0,'-',0,'-',0,'-',20,0,0,0,0,0,0,'2022-05-31',1),(377,377,'2020-01-01',60,155,1.59,'IV',2,3,1,'0_0',1,'-',0,'-',0,'-',20,0,0,0,0,0,0,'2020-10-16',1),(378,378,'2020-01-01',75,161,1.79,'IIA',2,0,0,'0_0',0.5,'+',100,'+',90,'-',30,0,0,0,0,0,0,'2020-06-26',1),(379,379,'2020-01-01',75,161,1.79,'IIA',2,0,0,'0_0',2,'+',100,'+',80,'+',30,0,0,0,0,0,0,'2020-06-26',1),(380,380,'2020-01-01',65,160,1.68,'IIB',2,0,0,'0_0',0,'-',0,'+',70,'-',0,0,0,0,0,0,0,'2020-09-13',1),(381,381,'2022-01-01',60,165,1.66,'III',2,2,0,'0_0',0.5,'+',100,'+',90,'-',50,0,0,0,0,0,0,'2022-01-14',1),(382,382,'2022-01-01',62,156,1.61,'III',3,0,0,'0_0',0.5,'+',90,'-',0,'-',30,0,0,0,0,0,0,'2022-03-09',1),(383,383,'2021-01-01',62,152,1.58,'III',3,0,0,'0_0',0,'+',90,'-',0,'-',20,0,0,0,0,0,0,'2021-12-10',1),(384,384,'2020-01-01',60,152,1.56,'IIB',2,0,0,'0_0',0.5,'+',93,'+',60,'-',40,0,0,0,0,0,0,'2020-12-16',1),(385,385,'2020-01-01',70,161,1.74,'IIA',1,0,0,'0_0',0,'+',80,'+',100,'-',35,0,0,0,0,0,0,'2020-04-21',1),(386,386,'2020-01-01',67,160,1.7,'IIB',2,1,0,'0_0',0,'+',60,'+',90,'-',15,0,0,0,0,0,0,'2019-04-17',1),(387,387,'2021-01-01',65,170,1.75,'II',1,1,0,'0_0',3,'+',100,'+',80,'+',30,0,0,0,0,0,0,'2021-04-30',1),(388,388,'2021-01-01',60,160,1.62,'IIB',2,1,0,'0_0',2,'+',80,'+',5,'+',60,0,0,0,0,0,0,'2021-05-31',1),(389,389,'2020-01-01',60,160,1.62,'IIB',2,0,0,'0_0',1,'+',80,'+',99,'-',10,0,0,0,0,0,0,'2020-09-11',1),(390,390,'2021-01-01',52,156,1.5,'I',1,0,0,'0_0',0.5,'-',0,'-',0,'-',15,1,0,0,0,1,0,'2021-08-18',1),(391,391,'2021-01-01',52,156,1.5,'I',1,0,0,'0_0',0.5,'-',0,'-',0,'-',15,1,0,0,0,1,0,'2021-06-18',1),(392,392,'2020-01-01',53,165,1.57,'III',1,3,0,'0_0',0.5,'-',0,'-',0,'-',39,0,0,0,0,0,0,'2020-07-30',1),(393,393,'2020-01-01',53,165,1.57,'III',1,3,0,'0_0',0.5,'-',0,'-',0,'-',39,0,0,0,0,0,0,'2020-07-30',1),(394,394,'2021-01-01',56,154,1.53,'IIIA',2,1,0,'0_0',0.5,'+',50,'+',99,'-',25,0,0,0,0,0,0,'2021-12-23',1),(395,395,'2020-01-01',62,158,1.63,'I',2,0,0,'0_0',0,'+',80,'+',5,'-',27,0,0,0,0,0,0,'2020-03-19',1),(396,396,'2021-01-01',84,156,1.84,'IIIA',3,1,0,'0_0',0.5,'-',0,'-',0,'-',40,0,0,0,1,0,0,'2021-05-18',1),(397,397,'2021-01-01',66,168,1.75,'I',1,0,0,'0_0',0,'+',90,'+',60,'-',40,0,0,0,0,0,0,'2021-02-24',1),(398,398,'2021-01-01',67,165,1.74,'IIB',2,1,0,'0_0',0.5,'+',99,'+',99,'-',70,0,0,0,0,0,0,'2021-08-03',1),(399,399,'2020-01-01',40,140,1.24,'I',2,0,0,'0_0',0,'-',0,'-',0,'-',1,0,0,0,0,0,0,'2020-05-20',1),(400,400,'2020-01-01',40,140,1.24,'I',2,0,0,'0_0',0,'-',0,'-',0,'-',1,0,0,0,0,0,0,'2020-05-20',1),(401,401,'2022-01-01',60,165,1.66,'III',2,1,0,'0_0',0,'+',90,'+',10,'-',40,0,0,0,0,0,0,'2022-04-04',1),(402,402,'2021-01-01',46,148,1.37,'III',4,1,0,'0_0',0.5,'+',10,'+',80,'-',15,0,0,0,0,0,0,'2021-11-26',1),(403,403,'2020-01-01',60,165,1.66,'III',2,1,0,'0_0',0,'+',60,'-',0,'-',35,0,0,0,0,0,0,'2020-09-02',1),(404,404,'2022-01-01',90,159,1.92,'IIA',1,1,0,'0_0',0.5,'+',99,'+',70,'-',70,0,0,0,0,0,0,'2022-03-21',1),(405,405,'2021-01-01',75,157,1.76,'I',1,0,0,'0_0',0,'-',0,'-',0,'-',60,0,0,0,0,0,0,'2021-06-22',1),(406,406,'2021-01-01',79,157,1.8,'II',2,0,0,'0_0',0.5,'-',0,'-',0,'-',50,0,0,0,0,0,0,'2021-03-16',1),(407,407,'2021-01-01',66,168,1.75,'III',3,3,0,'0_0',0.5,'+',90,'+',60,'-',65,0,0,0,0,0,0,'2021-09-09',1),(408,408,'2022-01-01',60,165,1.66,'II',2,1,0,'0_0',0,'+',82,'+',99,'-',10,0,0,0,0,0,0,'2022-03-28',1),(409,409,'2020-01-01',71,157,1.72,'0',2,1,0,'0_0',2,'-',0,'+',60,'+',80,0,0,0,0,0,0,'2020-09-25',1),(410,410,'2022-01-01',60,160,1.62,'III',3,3,0,'0_0',2,'+',100,'+',60,'+',12,0,0,0,0,0,0,'2022-02-10',1),(411,411,'2020-01-01',40,140,1.24,'II',2,0,0,'0_0',0,'-',0,'-',0,'-',0,0,0,0,0,0,0,'2020-04-02',1),(412,412,'2020-01-01',60,160,1.62,'III',4,1,0,'0_0',2,'+',50,'+',80,'+',15,0,0,0,0,0,0,'2020-08-04',1),(413,413,'2021-01-01',85,166,1.93,'IIA',2,0,0,'0_0',1,'+',50,'+',10,'-',20,0,0,0,0,0,0,'2021-10-22',1),(414,414,'2020-01-01',65,165,1.72,'0',0,0,0,'0_0',0,'-',0,'-',0,'-',20,0,0,0,0,0,0,'2020-07-06',1),(415,415,'2020-01-01',65,170,1.75,'I',1,0,0,'0_0',0.5,'-',0,'-',0,'-',80,0,0,0,0,0,0,'2020-09-01',1),(416,416,'2020-01-01',65,170,1.75,'I',1,0,0,'0_0',2,'-',0,'-',0,'+',80,0,0,0,0,0,0,'2020-09-01',1),(417,417,'2021-01-01',87,158,1.88,'IIIA',3,1,0,'0_0',0.5,'+',90,'+',100,'-',18,0,0,0,0,0,0,'2021-02-25',1),(418,418,'2022-01-01',65,160,1.68,'IIIC',2,3,0,'0_0',0.5,'+',50,'+',100,'-',33,0,0,0,0,0,0,'2022-02-18',1),(419,419,'2020-01-01',65,165,1.72,'IIA',3,0,0,'0_0',0.5,'+',100,'+',60,'-',24,0,0,0,0,0,0,'2020-11-02',1),(420,420,'2020-01-01',65,165,1.72,'IIA',3,0,0,'0_0',0.5,'+',99,'+',80,'-',24,0,0,0,0,0,0,'2020-11-02',1),(421,421,'2020-01-01',63,158,1.64,'IV',4,1,1,'0_0',0.5,'-',0,'-',0,'-',20,0,0,0,0,0,0,'2020-12-23',1),(422,422,'2020-01-01',60,160,1.62,'II',3,0,0,'0_0',0.5,'+',93,'-',0,'-',20,0,0,0,0,0,0,'2020-06-17',1),(423,423,'2020-01-01',62,160,1.64,'I',2,0,0,'0_0',2,'+',94,'+',10,'-',10,0,0,0,0,0,0,'2020-06-01',1),(424,424,'2022-01-01',73,166,1.81,'I',1,0,0,'0_0',0,'+',95,'+',70,'-',21,1,0,0,0,0,0,'2022-02-02',1),(425,425,'2020-01-01',67,174,1.81,'I',2,0,0,'0_0',0.5,'-',0,'-',0,'-',12,0,0,0,0,0,0,'2020-02-26',1),(426,426,'2020-01-01',69,166,1.77,'IIIB',2,2,0,'0_0',1,'+',100,'+',80,'-',45,0,0,0,0,0,0,'2021-09-29',1),(427,427,'2020-01-01',70,165,1.77,'III',4,1,0,'0_0',0.5,'+',100,'+',70,'-',7,0,0,0,0,0,0,'2020-11-30',1),(428,428,'2020-01-01',70,165,1.77,'III',4,1,0,'0_0',0.5,'+',60,'+',80,'-',7,0,0,0,0,0,0,'2020-11-30',1),(429,429,'2022-01-01',60,165,1.66,'III',3,3,0,'0_0',0,'+',100,'+',95,'-',25,0,0,0,0,0,0,'2022-01-12',1),(430,430,'2020-01-01',70,170,1.81,'III',2,1,0,'0_0',0,'+',100,'-',0,'-',20,0,0,0,0,0,0,'2020-12-15',1),(431,431,'2020-01-01',98,161,2.01,'II',2,0,0,'0_0',0,'-',0,'-',0,'-',40,0,0,0,0,0,0,'2020-04-06',1),(432,432,'2020-01-01',98,161,2.01,'II',2,0,0,'0_0',0,'-',0,'-',0,'-',40,0,0,0,0,0,0,'2020-04-06',1),(433,433,'2020-01-01',40,140,1.24,'IIIA',1,1,0,'0_0',0,'+',10,'+',100,'-',10,0,0,0,0,0,0,'2020-06-03',1),(434,434,'2020-01-01',45,150,1.37,'IIIA',1,1,0,'0_0',0,'-',0,'-',0,'-',5,0,0,0,0,0,0,'2019-06-27',1),(435,435,'2020-01-01',76,162,1.81,'IIB',2,1,0,'0_0',1,'-',0,'-',0,'-',10,0,0,0,0,0,0,'2020-02-14',1),(436,436,'2021-01-01',63,168,1.72,'I',1,1,0,'0_0',0,'+',80,'+',5,'-',7,0,0,0,0,0,0,'2021-08-10',1),(437,437,'2021-01-01',50,160,1.5,'I',2,0,0,'0_0',0,'-',0,'-',0,'-',6,0,0,0,0,0,0,'2021-08-13',1),(438,438,'2020-01-01',50,160,1.5,'I',1,0,0,'0_0',0,'-',0,'-',0,'-',20,0,0,0,0,0,0,'2020-05-06',1),(439,439,'2022-01-01',60,165,1.66,'II',1,1,0,'0_0',0,'+',90,'+',60,'-',30,0,0,0,0,0,0,'2022-04-07',1),(440,440,'2020-01-01',75,170,1.86,'III',3,1,0,'0_0',0,'-',0,'-',0,'-',20,0,0,0,0,0,0,'2020-08-04',1),(441,441,'2020-01-01',72,154,1.7,'0',0,0,0,'0_0',0,'+',100,'-',0,'-',20,0,0,0,0,0,0,'2020-10-15',1),(442,442,'2021-01-01',60,165,1.66,'IV',3,1,1,'0_0',0.5,'+',100,'+',70,'-',5,0,0,0,0,0,0,'2021-09-09',1),(443,443,'2022-01-01',70,150,1.65,'III',2,0,0,'0_0',0.5,'+',90,'+',60,'-',13,0,0,0,0,0,0,'2022-03-30',1),(444,444,'2020-01-01',60,160,1.62,'IV',4,1,1,'0_0',0.5,'+',60,'+',100,'-',25,1,1,0,0,1,1,'2020-11-13',1),(445,445,'2020-01-01',60,165,1.66,'II',2,0,0,'0_0',0,'-',0,'-',0,'-',20,0,0,0,0,0,0,'2020-07-07',1),(446,446,'2020-01-01',59,148,1.52,'IIA',2,0,0,'0_0',2,'-',0,'-',0,'-',60,0,0,0,0,0,0,'2020-09-22',1),(447,447,'2020-01-01',59,148,1.52,'IIA',2,0,0,'0_0',2,'-',0,'-',0,'-',60,0,0,0,0,0,0,'2020-09-22',1),(448,448,'2021-01-01',64,155,1.63,'II',2,0,0,'0_0',0.5,'-',0,'-',0,'-',10,0,0,0,0,0,0,'2021-12-13',1),(449,449,'2022-01-01',65,162,1.69,'IIIB',3,3,0,'0_0',0.5,'-',0,'-',0,'-',70,0,0,0,0,0,0,'2022-02-15',1),(450,450,'2021-01-01',74,152,1.71,'III',4,1,0,'0_0',0,'-',0,'-',0,'-',20,0,0,0,0,0,0,'2021-05-31',1),(451,451,'2020-01-01',70,153,1.68,'II',2,0,0,'0_0',0.5,'-',0,'-',0,'-',40,0,0,0,0,0,0,'2020-02-21',1),(452,452,'2021-01-01',50,160,1.5,'IV',2,2,0,'0_0',0,'-',0,'-',0,'-',20,0,0,0,0,0,0,'2021-09-22',1),(453,453,'2020-01-01',51,160,1.51,'IIB',2,3,0,'0_0',0,'+',79,'+',90,'-',10,0,0,0,0,0,0,'2019-01-21',1),(454,454,'2021-01-01',46,150,1.38,'IIA',2,0,0,'0_0',0.5,'-',0,'-',0,'-',20,0,0,0,0,0,0,'2021-04-19',1),(455,455,'2021-01-01',46,150,1.38,'IIA',2,0,0,'0_0',0.5,'-',0,'-',0,'-',20,0,0,0,0,0,0,'2021-04-19',1),(456,456,'2020-01-01',75,170,1.86,'IIIA',3,1,0,'0_0',0,'+',99,'+',60,'-',12,0,0,0,0,0,0,'2020-07-01',1),(457,457,'2021-01-01',50,160,1.5,'I',0,0,0,'0_0',0,'-',0,'-',0,'-',5,0,0,0,0,0,0,'2021-06-08',1),(458,458,'2021-01-01',50,160,1.5,'0',0,0,0,'0_0',0,'-',0,'-',0,'-',20,0,0,0,1,0,0,'2021-01-29',1),(459,459,'2021-01-01',50,160,1.5,'0',0,0,0,'0_0',0,'-',0,'-',0,'-',20,0,0,0,1,0,0,'2021-02-09',1),(460,460,'2020-01-01',49,160,1.49,'I',1,0,0,'0_0',0.5,'-',0,'-',0,'-',20,0,0,0,0,0,0,'2020-09-25',1),(461,461,'2020-01-01',60,160,1.62,'I',1,0,0,'0_0',0,'-',0,'-',0,'-',27,0,0,0,0,0,0,'2020-10-09',1),(462,462,'2020-01-01',49,150,1.42,'I',1,0,0,'0_0',2,'-',0,'-',0,'+',80,0,0,0,0,0,0,'2020-12-03',1),(463,463,'2020-01-01',65,165,1.72,'IIIB',3,3,0,'0_0',0,'+',100,'+',75,'-',45,0,0,0,0,0,0,'2020-05-28',1),(464,464,'2020-01-01',60,160,1.62,'IIIA',2,1,0,'0_0',2,'+',79,'+',54,'+',60,0,0,0,0,0,0,'2019-06-17',1),(465,465,'2020-01-01',90,178,2.08,'I',2,0,0,'0_0',1,'+',100,'+',95,'-',30,0,0,0,0,0,0,'2020-07-02',1),(466,466,'2020-01-01',90,178,2.08,'I',2,0,0,'0_0',1,'+',10,'+',99,'-',30,0,0,0,0,0,0,'2020-07-02',1);
/*!40000 ALTER TABLE `treatment` ENABLE KEYS */;
UNLOCK TABLES;

--
-- Table structure for table `treatment_cancer`
--

DROP TABLE IF EXISTS `treatment_cancer`;
/*!40101 SET @saved_cs_client     = @@character_set_client */;
/*!50503 SET character_set_client = utf8mb4 */;
CREATE TABLE `treatment_cancer` (
  `treatment_id` int DEFAULT NULL,
  `cancer_id` int DEFAULT NULL,
  KEY `treatment_id` (`treatment_id`),
  KEY `cancer_id` (`cancer_id`),
  CONSTRAINT `treatment_cancer_ibfk_1` FOREIGN KEY (`treatment_id`) REFERENCES `treatment` (`id`),
  CONSTRAINT `treatment_cancer_ibfk_2` FOREIGN KEY (`cancer_id`) REFERENCES `cancer` (`id`)
) ENGINE=InnoDB DEFAULT CHARSET=utf8mb4 COLLATE=utf8mb4_0900_ai_ci;
/*!40101 SET character_set_client = @saved_cs_client */;

--
-- Dumping data for table `treatment_cancer`
--

LOCK TABLES `treatment_cancer` WRITE;
/*!40000 ALTER TABLE `treatment_cancer` DISABLE KEYS */;
INSERT INTO `treatment_cancer` VALUES (2,NULL),(3,NULL),(5,1),(6,1),(8,1),(9,1),(11,NULL),(12,1),(13,1),(15,NULL),(16,1),(17,2),(18,1),(19,1),(20,1),(21,1),(22,2),(23,1),(25,1),(26,1),(27,2),(29,1),(30,1),(31,1),(32,2),(35,1),(36,1),(37,1),(38,1),(39,1),(41,NULL),(42,1),(43,1),(44,1),(45,1),(46,1),(47,1),(48,1),(49,1),(50,3),(51,1),(52,NULL),(53,1),(54,1),(55,1),(56,2),(57,2),(58,2),(59,2),(61,1),(62,1),(63,3),(64,1),(64,7),(64,NULL),(66,1),(67,2),(68,1),(69,1),(70,1),(71,1),(72,1),(74,1),(75,1),(77,1),(79,1),(80,1),(81,1),(82,1),(83,1),(84,3),(85,3),(86,1),(87,1),(89,1),(90,1),(91,1),(92,1),(93,3),(94,3),(95,1),(97,1),(98,1),(99,1),(100,1),(102,1),(103,1),(105,2),(106,1),(107,2),(109,1),(112,1),(116,1),(117,1),(118,1),(119,2),(120,1),(121,2),(125,1),(127,1),(128,1),(129,6),(130,NULL),(131,1),(132,1),(133,1),(135,1),(136,1),(137,3),(138,3),(139,1),(140,1),(141,1),(142,1),(143,1),(144,1),(145,2),(147,2),(148,1),(149,1),(150,1),(151,2),(153,1),(154,1),(157,1),(158,1),(162,1),(164,1),(166,1),(167,1),(168,1),(169,1),(172,2),(173,1),(176,1),(177,1),(178,1),(179,1),(180,2),(181,1),(182,1),(183,1),(185,1),(187,1),(188,1),(189,1),(190,1),(192,1),(194,2),(195,1),(196,1),(197,1),(198,1),(199,1),(201,1),(205,2),(206,1),(207,3),(208,3),(209,1),(211,1),(212,2),(213,1),(214,2),(215,1),(216,1),(217,3),(218,3),(221,5),(223,1),(224,1),(225,2),(226,2),(229,1),(230,1),(236,1),(237,1),(238,3),(238,4),(239,6),(240,1),(241,1),(242,1),(245,1),(246,1),(247,1),(248,3),(249,1),(250,1),(251,1),(252,1),(253,1),(254,1),(255,NULL),(256,1),(257,1),(259,2),(261,1),(262,1),(263,1),(264,1),(265,1),(265,6),(266,1),(268,1),(270,6),(272,6),(273,1),(274,1),(275,1),(276,1),(277,2),(280,1),(281,1),(282,2),(283,1),(284,1),(285,6),(286,1),(287,1),(288,1),(289,1),(290,1),(291,1),(293,3),(296,1),(297,1),(298,1),(299,1),(300,6),(300,2),(301,1),(302,4),(303,1),(304,1),(306,3),(307,3),(310,1),(311,1),(313,1),(314,6),(315,6),(317,1),(318,1),(319,1),(320,11),(320,NULL),(322,1),(323,1),(325,2),(326,1),(329,2),(331,6),(332,1),(332,6),(333,1),(334,1),(336,1),(337,1),(338,1),(339,5),(340,1),(341,1),(342,5),(343,1),(344,2),(346,1),(347,1),(348,1),(350,6),(352,1),(353,5),(354,1),(355,1),(356,1),(358,1),(359,1),(360,1),(362,1),(363,1),(364,1),(365,1),(367,1),(368,1),(369,1),(370,1),(371,1),(372,1),(373,6),(374,1),(375,1),(377,1),(378,2),(379,2),(381,1),(383,1),(384,1),(385,6),(387,1),(388,1),(390,1),(391,1),(394,1),(395,1),(396,2),(397,2),(398,1),(399,1),(400,1),(401,1),(402,1),(403,1),(404,1),(406,1),(407,1),(408,5),(412,1),(413,1),(414,1),(415,NULL),(417,1),(418,1),(419,1),(419,6),(420,6),(422,1),(422,6),(424,1),(425,1),(426,1),(427,6),(427,2),(428,6),(429,1),(430,NULL),(433,6),(434,2),(435,2),(436,1),(437,1),(439,1),(440,1),(441,1),(442,1),(442,NULL),(443,1),(445,1),(446,1),(447,1),(448,1),(449,1),(451,1),(454,1),(455,1),(456,6),(458,1),(459,1),(461,2),(462,1),(464,1),(465,1);
/*!40000 ALTER TABLE `treatment_cancer` ENABLE KEYS */;
UNLOCK TABLES;

--
-- Table structure for table `treatment_surgery`
--

DROP TABLE IF EXISTS `treatment_surgery`;
/*!40101 SET @saved_cs_client     = @@character_set_client */;
/*!50503 SET character_set_client = utf8mb4 */;
CREATE TABLE `treatment_surgery` (
  `treatment_id` int DEFAULT NULL,
  `surgery_id` int DEFAULT NULL,
  KEY `treatment_id` (`treatment_id`),
  KEY `surgery_id` (`surgery_id`),
  CONSTRAINT `treatment_surgery_ibfk_1` FOREIGN KEY (`treatment_id`) REFERENCES `treatment` (`id`),
  CONSTRAINT `treatment_surgery_ibfk_2` FOREIGN KEY (`surgery_id`) REFERENCES `surgery` (`id`)
) ENGINE=InnoDB DEFAULT CHARSET=utf8mb4 COLLATE=utf8mb4_0900_ai_ci;
/*!40101 SET character_set_client = @saved_cs_client */;

--
-- Dumping data for table `treatment_surgery`
--

LOCK TABLES `treatment_surgery` WRITE;
/*!40000 ALTER TABLE `treatment_surgery` DISABLE KEYS */;
INSERT INTO `treatment_surgery` VALUES (1,NULL),(2,1),(19,NULL),(21,NULL),(23,2),(34,3),(37,2),(43,1),(50,1),(53,3),(60,4),(60,3),(61,3),(61,4),(70,2),(72,1),(73,3),(74,4),(74,1),(75,2),(77,2),(78,2),(80,3),(82,2),(83,2),(88,1),(89,2),(89,1),(95,3),(100,2),(101,3),(107,4),(107,3),(109,2),(112,4),(112,1),(117,3),(118,3),(128,4),(128,NULL),(130,2),(130,1),(131,2),(131,1),(133,1),(134,1),(136,1),(137,2),(138,2),(140,4),(140,1),(143,1),(149,3),(153,2),(162,2),(164,1),(166,2),(167,2),(168,3),(171,4),(174,3),(175,3),(176,3),(177,3),(178,3),(179,2),(182,2),(183,1),(184,1),(187,1),(188,1),(189,4),(189,1),(192,3),(193,2),(200,1),(202,2),(206,1),(212,4),(212,1),(215,4),(215,2),(217,2),(218,2),(219,3),(221,2),(224,1),(228,2),(228,4),(238,2),(239,4),(239,1),(253,3),(257,3),(258,2),(258,4),(260,1),(261,1),(262,2),(263,1),(266,3),(267,2),(270,1),(272,2),(272,4),(272,1),(272,3),(274,1),(274,3),(275,2),(275,4),(276,3),(280,3),(283,2),(285,2),(299,2),(300,2),(302,3),(303,1),(311,2),(314,2),(315,2),(317,1),(320,3),(321,2),(325,3),(326,3),(333,1),(334,3),(335,3),(338,1),(340,4),(340,1),(342,3),(343,1),(346,2),(349,2),(353,4),(357,2),(358,2),(360,2),(361,2),(366,1),(367,4),(367,1),(369,2),(374,4),(374,3),(375,4),(375,1),(387,1),(388,1),(390,1),(390,3),(391,1),(391,3),(397,1),(404,4),(405,1),(415,3),(416,3),(419,1),(420,1),(424,3),(426,3),(431,4),(431,5),(432,4),(432,5),(438,3),(441,4),(444,4),(444,3),(456,4),(456,1);
/*!40000 ALTER TABLE `treatment_surgery` ENABLE KEYS */;
UNLOCK TABLES;
/*!40103 SET TIME_ZONE=@OLD_TIME_ZONE */;

/*!40101 SET SQL_MODE=@OLD_SQL_MODE */;
/*!40014 SET FOREIGN_KEY_CHECKS=@OLD_FOREIGN_KEY_CHECKS */;
/*!40014 SET UNIQUE_CHECKS=@OLD_UNIQUE_CHECKS */;
/*!40101 SET CHARACTER_SET_CLIENT=@OLD_CHARACTER_SET_CLIENT */;
/*!40101 SET CHARACTER_SET_RESULTS=@OLD_CHARACTER_SET_RESULTS */;
/*!40101 SET COLLATION_CONNECTION=@OLD_COLLATION_CONNECTION */;
/*!40111 SET SQL_NOTES=@OLD_SQL_NOTES */;

-- Dump completed on 2023-04-28 15:12:25
